corner_id,corner,temp_c,vdd_v,nx,vce_set_v,freq_hz,n_points,n_ok,n_in_box,n_eligible,n_excluded,eligible_jc_min,eligible_jc_max,eligible_jc_decades,opt_jc_ma_um2,opt_vbe_v,opt_ic_a,opt_nfmin_db_t290,opt_nfmin_db_t300.15,opt_tmin_k,opt_ropt_ohm,opt_xopt_ohm,opt_rn_ohm,opt_nf50_db_t290,opt_gmax_db,opt_gmax_kind,opt_k,opt_delta_mag,opt_ft_hz,opt_pdc_mw,opt_dtj_k,opt_constrained_by,ftpk_jc_ma_um2,ftpk_ft_hz,ftpk_at_inbox_edge,opt_over_ftpk_jc
hbt_bcs_-40c_2.25v,hbt_bcs,-40.0,2.25,1,0.6,17700000000.0,45,45,32,17,0,0.16457284187301582,34.494467631746026,2.3213912779989707,3.882521174285713,0.87,0.00024459883398,0.30550621107717274,0.295518608460423,21.1348214494348,1524.2366968189322,1892.7157465746723,138.0371799814694,5.755980002890704,16.575203282940453,MSG,0.0958076348671577,0.9961609041826502,300722061328.2638,0.14683663508286512,1.6669610375,,34.494467631746026,566748235598.7521,upper,0.11255489476557518
hbt_bcs_-40c_2.25v,hbt_bcs,-40.0,2.25,1,0.6,19450000000.0,45,45,32,17,0,0.16457284187301582,34.494467631746026,2.3213912779989707,3.882521174285713,0.87,0.00024459883398,0.3294028138565324,0.31866227992150997,22.851527154028904,1382.080685556675,1745.1617473368658,138.00947589821362,5.755825071472644,16.16624264340367,MSG,0.1052585898569194,0.9954866683965325,300722061328.2638,0.14683663508286512,1.6669610375,,34.494467631746026,566748235598.7521,upper,0.11255489476557518
hbt_bcs_-40c_2.25v,hbt_bcs,-40.0,2.25,1,0.6,21200000000.0,45,45,32,16,0,0.2671185584603174,34.494467631746026,2.1110453843504753,3.882521174285713,0.87,0.00024459883398,0.3535786223991746,0.34208043235952135,24.597929583350467,1264.2087389130477,1617.377113926754,137.97863603821645,5.755643086264463,15.792630596047196,MSG,0.11470435375701198,0.994755887129618,300722061328.2638,0.14683663508286512,1.6669610375,,34.494467631746026,566748235598.7521,upper,0.11255489476557518
hbt_bcs_-40c_2.25v,hbt_bcs,-40.0,2.25,1,1.0,17700000000.0,45,45,32,17,0,0.16531758777777775,38.6437240095238,2.3687599120785476,4.042668619365078,0.87,0.00025468812302,0.3040233091763886,0.2940825620038994,21.02860235694784,1573.881536024893,1899.650044985654,136.97764692252142,5.731451652490659,16.916117014017583,MSG,0.09177723559480404,0.9963302214293771,313673599060.1183,0.25476940499691986,2.8917854646,,38.6437240095238,591835738513.7839,upper,0.10461384669781713
hbt_bcs_-40c_2.25v,hbt_bcs,-40.0,2.25,1,1.0,19450000000.0,45,45,32,17,0,0.16531758777777775,38.6437240095238,2.3687599120785476,4.042668619365078,0.87,0.00025468812302,0.32750748026078885,0.3168265178783273,22.71502331503663,1427.45487667197,1753.7489254032332,136.95331110159705,5.731365693092494,16.507071113522752,MSG,0.10083504947424526,0.9956885515070342,313673599060.1183,0.25476940499691986,2.8917854646,,38.6437240095238,591835738513.7839,upper,0.10461384669781713
hbt_bcs_-40c_2.25v,hbt_bcs,-40.0,2.25,1,1.0,21200000000.0,45,45,32,17,0,0.16531758777777775,38.6437240095238,2.3687599120785476,4.042668619365078,0.87,0.00025468812302,0.3512914397514938,0.3398647538683207,24.432292321641484,1305.9273312219325,1626.9289837365993,136.92624251182366,5.7312611272993985,16.133365951261254,MSG,0.10988798887586775,0.9949926206006792,313673599060.1183,0.25476940499691986,2.8917854646,,38.6437240095238,591835738513.7839,upper,0.10461384669781713
hbt_bcs_-40c_2.25v,hbt_bcs,-40.0,2.25,1,1.4,17700000000.0,45,45,32,17,0,0.16608708422222218,44.18854626507936,2.4249738533665077,2.786497317460317,0.86,0.000175549331,0.3039882237661373,0.29404858537955253,21.02608965589159,1488.2771141744493,2050.9261221935885,153.38785073623404,6.096339082634943,15.816402812993678,MSG,0.09350389103708483,0.9970563269435726,250583921127.1005,0.2458071360923027,2.7901033874,,37.51215215714285,601170023856.5751,,0.07428252332170518
hbt_bcs_-40c_2.25v,hbt_bcs,-40.0,2.25,1,1.4,19450000000.0,45,45,32,17,0,0.16608708422222218,44.18854626507936,2.4249738533665077,4.221376394126983,0.87,0.00026594671283,0.32722203249099324,0.31655004409728077,22.694470239586817,1456.0856670870364,1748.5936662211977,135.83176564711374,5.705221177423214,16.758191211855575,MSG,0.09933809441640709,0.9957813688552705,324367140968.82135,0.3723891830719845,4.2262124569,,37.51215215714285,601170023856.5751,,0.11253356982673607
hbt_bcs_-40c_2.25v,hbt_bcs,-40.0,2.25,1,1.4,21200000000.0,45,45,32,17,0,0.16608708422222218,44.18854626507936,2.4249738533665077,4.221376394126983,0.87,0.00026594671283,0.3507689214256211,0.3393585761445541,24.39446389908271,1332.3365309616495,1623.6025150876424,135.80735960426853,5.705176162577292,16.38442288504166,MSG,0.10807601808954599,0.9950995550759953,324367140968.82135,0.3723891830719845,4.2262124569,,37.51215215714285,601170023856.5751,,0.11253356982673607
hbt_bcs_-40c_2.25v,hbt_bcs,-40.0,2.25,4,0.6,17700000000.0,45,45,32,17,0,0.16467208855158727,35.32339557857142,2.331442451175946,3.9156102292460306,0.87,0.00098673377777,0.30837393678237546,0.29829576620409837,21.34033729445493,391.6146925081223,483.081809552728,35.5276101086703,2.3471868979753006,16.598119441622913,MSG,0.09548251241041836,0.9612811366701792,311994337125.93,0.5923531187896115,1.9309390035,,30.34202088809523,586649113371.4453,,0.1290490914790165
hbt_bcs_-40c_2.25v,hbt_bcs,-40.0,2.25,4,0.6,19450000000.0,45,45,32,17,0,0.16467208855158727,35.32339557857142,2.331442451175946,3.9156102292460306,0.87,0.00098673377777,0.3323525175441865,0.321519322602529,23.064086327493555,355.1023479895377,445.594186066909,35.520210666209984,2.3495190835469106,16.18914137369086,MSG,0.10488599882087331,0.9544847456467581,311994337125.93,0.5923531187896115,1.9309390035,,30.34202088809523,586649113371.4453,,0.1290490914790165
hbt_bcs_-40c_2.25v,hbt_bcs,-40.0,2.25,4,0.6,21200000000.0,45,45,32,17,0,0.16467208855158727,35.32339557857142,2.331442451175946,3.9156102292460306,0.87,0.00098673377777,0.3566154438569995,0.3450223700712471,24.817990368528548,324.8226606912157,413.09243533971323,35.511891810420494,2.35205633907827,15.815510699146298,MSG,0.11428323330265037,0.9472478377430866,311994337125.93,0.5923531187896115,1.9309390035,,30.34202088809523,586649113371.4453,,0.1290490914790165
hbt_bcs_-40c_2.25v,hbt_bcs,-40.0,2.25,4,1.0,17700000000.0,45,45,32,17,0,0.16548505642460312,40.49715195238094,2.388665699243809,4.104540114285713,0.87,0.0010343441088,0.30719517141671154,0.29715422136933695,21.25584453182416,404.71105305013407,484.0246507060836,35.216621834781314,2.3311265465049407,16.957249816762545,MSG,0.09158234324272119,0.9630160774760262,326073767883.7805,1.034675923236967,3.3725692769,,34.54672960476189,612736368794.3097,,0.1188112496101497
hbt_bcs_-40c_2.25v,hbt_bcs,-40.0,2.25,4,1.0,19450000000.0,45,45,32,17,0,0.16548505642460312,40.49715195238094,2.388665699243809,4.104540114285713,0.87,0.0010343441088,0.3307434934046818,0.3199608362532952,22.948120228173508,367.0827091122845,447.1000325112164,35.21023341175913,2.3334298951227903,16.548180391043473,MSG,0.10061702313554093,0.9564995550013475,326073767883.7805,1.034675923236967,3.3725692769,,34.54672960476189,612736368794.3097,,0.1188112496101497
hbt_bcs_-40c_2.25v,hbt_bcs,-40.0,2.25,4,1.0,21200000000.0,45,45,32,17,0,0.16548505642460312,40.49715195238094,2.388665699243809,4.104540114285713,0.87,0.0010343441088,0.3546004514979084,0.3430703278183652,24.67195841705009,335.84379218490574,414.9511051656144,35.203054611616174,2.3359375246085152,16.174450015698348,MSG,0.10964503202747605,0.9495518495547891,326073767883.7805,1.034675923236967,3.3725692769,,34.54672960476189,612736368794.3097,,0.1188112496101497
hbt_bcs_-40c_2.25v,hbt_bcs,-40.0,2.25,4,1.4,17700000000.0,45,45,31,16,0,0.166324538047619,40.4526382579365,2.385990524976846,2.8336086504761897,0.86,0.00071406937992,0.30595521835075445,0.2959534314483439,21.166990640086016,383.7725539033617,523.4341815276729,39.29059909988364,2.5331251179154775,15.866895124174851,MSG,0.09305115543347049,0.972661120750106,260352234221.45892,0.9998531126677592,3.2588409216,,33.593599712698406,619934249626.9713,,0.08434965811077053
hbt_bcs_-40c_2.25v,hbt_bcs,-40.0,2.25,4,1.4,19450000000.0,45,45,31,16,0,0.166324538047619,40.4526382579365,2.385990524976846,2.8336086504761897,0.86,0.00071406937992,0.3308000167156384,0.3200155839179259,22.95219326611448,347.8006265507675,480.9436531395511,39.27959712571755,2.535240617672139,15.458126122383609,MSG,0.10206681585344514,0.9678065073568225,260352234221.45892,0.9998531126677592,3.2588409216,,33.593599712698406,619934249626.9713,,0.08434965811077053
hbt_bcs_-40c_2.25v,hbt_bcs,-40.0,2.25,4,1.4,21200000000.0,45,45,31,16,0,0.166324538047619,40.4526382579365,2.385990524976846,4.319494622619047,0.87,0.0010885126449,0.35453345453692653,0.3430054243865237,24.66710412965135,342.86541635971747,413.2578156234506,34.87261777528725,2.318870497240089,16.446157063491224,MSG,0.10799905630433693,0.9502356236384168,338043621244.136,1.5241818707935926,4.9678132113,,33.593599712698406,619934249626.9713,,0.1285808802736396
hbt_bcs_-40c_2.25v,hbt_bcs,-40.0,2.25,8,0.6,17700000000.0,45,45,32,17,0,0.16472718935317457,35.803310317460316,2.3371578943101365,3.934281599206348,0.87,0.001982877926,0.3099963151776156,0.29986693260174013,21.45666531979422,198.46573201533377,244.02581495332768,18.033390623288884,1.3717572558986137,16.610915746521183,MSG,0.09512263598619966,0.8205268253452033,318047058853.02014,1.190356440953099,2.0793099487,,30.73506162499999,599638433625.8016,,0.12800630261324064
hbt_bcs_-40c_2.25v,hbt_bcs,-40.0,2.25,8,0.6,19450000000.0,45,45,32,17,0,0.16472718935317457,35.803310317460316,2.3371578943101365,3.934281599206348,0.87,0.001982877926,0.3340255955098349,0.32313987014284973,23.18471450726465,179.9644216599121,225.13352439230815,18.029543084353456,1.3776184595486525,16.201927074681755,MSG,0.10446995063942091,0.7946766957716049,318047058853.02014,1.190356440953099,2.0793099487,,30.73506162499999,599638433625.8016,,0.12800630261324064
hbt_bcs_-40c_2.25v,hbt_bcs,-40.0,2.25,8,0.6,21200000000.0,45,45,32,17,0,0.16472718935317457,35.803310317460316,2.3371578943101365,3.934281599206348,0.87,0.001982877926,0.3583417110065643,0.34669472963926673,24.943151520961194,164.62009735562924,208.74449896477296,18.025203238891475,1.3840099840619318,15.828285001281934,MSG,0.11381185145505633,0.7688609395336694,318047058853.02014,1.190356440953099,2.0793099487,,30.73506162499999,599638433625.8016,,0.12800630261324064
hbt_bcs_-40c_2.25v,hbt_bcs,-40.0,2.25,8,1.0,17700000000.0,45,45,32,17,0,0.16557812177182535,41.616948124999986,2.4002672772572273,2.7453704267857137,0.86,0.0013836666951,0.3088169262511308,0.2987247704281505,21.372096280740987,190.36539997911206,263.80829953159645,20.08765387976426,1.5004803894295928,15.63975994879276,MSG,0.09437661701296682,0.8684862593392608,256588155544.6921,1.3840978489509406,2.4178568855,,35.451863176587295,625210644981.1099,,0.0774393834566861
hbt_bcs_-40c_2.25v,hbt_bcs,-40.0,2.25,8,1.0,19450000000.0,45,45,32,17,0,0.16557812177182535,41.616948124999986,2.4002672772572273,4.139911277579364,0.87,0.0020865152839,0.33260036102828416,0.321759383189951,23.081952800856264,186.12417276965894,225.68900893483433,17.861284444642646,1.3658614590571307,16.571298962317286,MSG,0.10034710338864197,0.8015756282117792,332741867001.2676,2.087186601535559,3.6455469271,,35.451863176587295,625210644981.1099,,0.1167755628796795
hbt_bcs_-40c_2.25v,hbt_bcs,-40.0,2.25,8,1.0,21200000000.0,45,45,32,17,0,0.16557812177182535,41.616948124999986,2.4002672772572273,4.139911277579364,0.87,0.0020865152839,0.356503966469635,0.34491437459466806,24.80990952981048,170.28833552905937,209.50937022931907,17.857584808675323,1.372056465829217,16.197553305887972,MSG,0.10933411903160166,0.7762886866116806,332741867001.2676,2.087186601535559,3.6455469271,,35.451863176587295,625210644981.1099,,0.1167755628796795
hbt_bcs_-40c_2.25v,hbt_bcs,-40.0,2.25,8,1.4,17700000000.0,45,45,31,16,0,0.16645661398015868,42.34523249404761,2.4055034656034993,2.8607543140873006,0.86,0.0014418201743,0.3071557910265628,0.29711608461779015,21.253022179357902,194.85731333412318,264.3671232087789,19.89454897030579,1.4876750777324674,15.895499541419378,MSG,0.0927196472457065,0.8705574681511405,265560249523.46207,2.018864488317297,3.5266686087,,35.04005057539682,632283924678.5278,,0.08164241395518886
hbt_bcs_-40c_2.25v,hbt_bcs,-40.0,2.25,8,1.4,19450000000.0,45,45,31,16,0,0.16645661398015868,42.34523249404761,2.4055034656034993,2.8607543140873006,0.86,0.0014418201743,0.3320080169557099,0.32118564089681434,23.039253756740216,176.59161506805492,242.96263998716987,19.888954542120388,1.493429441119187,15.486716252384987,MSG,0.10168353651122902,0.8503626309451033,265560249523.46207,2.018864488317297,3.5266686087,,35.04005057539682,632283924678.5278,,0.08164241395518886
hbt_bcs_-40c_2.25v,hbt_bcs,-40.0,2.25,8,1.4,21200000000.0,45,45,31,16,0,0.16645661398015868,42.34523249404761,2.4055034656034993,4.376470930555555,0.87,0.002205741349,0.3567265502586279,0.34513000623569845,24.82604452140582,173.91126230275634,208.39774958109535,17.677545509986167,1.3599499620814735,16.481159601483302,MSG,0.10783146223956555,0.7778150425919825,345435887230.173,3.088576827685023,5.3940746143,,35.04005057539682,632283924678.5278,,0.1248991042732247
hbt_bcs_-40c_2.50v,hbt_bcs,-40.0,2.5,1,0.6,17700000000.0,45,45,32,17,0,0.16457284187301582,34.494467631746026,2.3213912779989707,3.882521174285713,0.87,0.00024459883398,0.30550621107717274,0.295518608460423,21.1348214494348,1524.2366968189322,1892.7157465746723,138.0371799814694,5.755980002890704,16.575203282940453,MSG,0.0958076348671577,0.9961609041826502,300722061328.2638,0.14683663508286512,1.6669610375,,34.494467631746026,566748235598.7521,upper,0.11255489476557518
hbt_bcs_-40c_2.50v,hbt_bcs,-40.0,2.5,1,0.6,19450000000.0,45,45,32,17,0,0.16457284187301582,34.494467631746026,2.3213912779989707,3.882521174285713,0.87,0.00024459883398,0.3294028138565324,0.31866227992150997,22.851527154028904,1382.080685556675,1745.1617473368658,138.00947589821362,5.755825071472644,16.16624264340367,MSG,0.1052585898569194,0.9954866683965325,300722061328.2638,0.14683663508286512,1.6669610375,,34.494467631746026,566748235598.7521,upper,0.11255489476557518
hbt_bcs_-40c_2.50v,hbt_bcs,-40.0,2.5,1,0.6,21200000000.0,45,45,32,16,0,0.2671185584603174,34.494467631746026,2.1110453843504753,3.882521174285713,0.87,0.00024459883398,0.3535786223991746,0.34208043235952135,24.597929583350467,1264.2087389130477,1617.377113926754,137.97863603821645,5.755643086264463,15.792630596047196,MSG,0.11470435375701198,0.994755887129618,300722061328.2638,0.14683663508286512,1.6669610375,,34.494467631746026,566748235598.7521,upper,0.11255489476557518
hbt_bcs_-40c_2.50v,hbt_bcs,-40.0,2.5,1,1.0,17700000000.0,45,45,32,17,0,0.16531758777777775,38.6437240095238,2.3687599120785476,4.042668619365078,0.87,0.00025468812302,0.3040233091763886,0.2940825620038994,21.02860235694784,1573.881536024893,1899.650044985654,136.97764692252142,5.731451652490659,16.916117014017583,MSG,0.09177723559480404,0.9963302214293771,313673599060.1183,0.25476940499691986,2.8917854646,,38.6437240095238,591835738513.7839,upper,0.10461384669781713
hbt_bcs_-40c_2.50v,hbt_bcs,-40.0,2.5,1,1.0,19450000000.0,45,45,32,17,0,0.16531758777777775,38.6437240095238,2.3687599120785476,4.042668619365078,0.87,0.00025468812302,0.32750748026078885,0.3168265178783273,22.71502331503663,1427.45487667197,1753.7489254032332,136.95331110159705,5.731365693092494,16.507071113522752,MSG,0.10083504947424526,0.9956885515070342,313673599060.1183,0.25476940499691986,2.8917854646,,38.6437240095238,591835738513.7839,upper,0.10461384669781713
hbt_bcs_-40c_2.50v,hbt_bcs,-40.0,2.5,1,1.0,21200000000.0,45,45,32,17,0,0.16531758777777775,38.6437240095238,2.3687599120785476,4.042668619365078,0.87,0.00025468812302,0.3512914397514938,0.3398647538683207,24.432292321641484,1305.9273312219325,1626.9289837365993,136.92624251182366,5.7312611272993985,16.133365951261254,MSG,0.10988798887586775,0.9949926206006792,313673599060.1183,0.25476940499691986,2.8917854646,,38.6437240095238,591835738513.7839,upper,0.10461384669781713
hbt_bcs_-40c_2.50v,hbt_bcs,-40.0,2.5,1,1.4,17700000000.0,45,45,32,17,0,0.16608708422222218,44.18854626507936,2.4249738533665077,2.786497317460317,0.86,0.000175549331,0.3039882237661373,0.29404858537955253,21.02608965589159,1488.2771141744493,2050.9261221935885,153.38785073623404,6.096339082634943,15.816402812993678,MSG,0.09350389103708483,0.9970563269435726,250583921127.1005,0.2458071360923027,2.7901033874,,37.51215215714285,601170023856.5751,,0.07428252332170518
hbt_bcs_-40c_2.50v,hbt_bcs,-40.0,2.5,1,1.4,19450000000.0,45,45,32,17,0,0.16608708422222218,44.18854626507936,2.4249738533665077,4.221376394126983,0.87,0.00026594671283,0.32722203249099324,0.31655004409728077,22.694470239586817,1456.0856670870364,1748.5936662211977,135.83176564711374,5.705221177423214,16.758191211855575,MSG,0.09933809441640709,0.9957813688552705,324367140968.82135,0.3723891830719845,4.2262124569,,37.51215215714285,601170023856.5751,,0.11253356982673607
hbt_bcs_-40c_2.50v,hbt_bcs,-40.0,2.5,1,1.4,21200000000.0,45,45,32,17,0,0.16608708422222218,44.18854626507936,2.4249738533665077,4.221376394126983,0.87,0.00026594671283,0.3507689214256211,0.3393585761445541,24.39446389908271,1332.3365309616495,1623.6025150876424,135.80735960426853,5.705176162577292,16.38442288504166,MSG,0.10807601808954599,0.9950995550759953,324367140968.82135,0.3723891830719845,4.2262124569,,37.51215215714285,601170023856.5751,,0.11253356982673607
hbt_bcs_-40c_2.50v,hbt_bcs,-40.0,2.5,4,0.6,17700000000.0,45,45,32,17,0,0.16467208855158727,35.32339557857142,2.331442451175946,3.9156102292460306,0.87,0.00098673377777,0.30837393678237546,0.29829576620409837,21.34033729445493,391.6146925081223,483.081809552728,35.5276101086703,2.3471868979753006,16.598119441622913,MSG,0.09548251241041836,0.9612811366701792,311994337125.93,0.5923531187896115,1.9309390035,,30.34202088809523,586649113371.4453,,0.1290490914790165
hbt_bcs_-40c_2.50v,hbt_bcs,-40.0,2.5,4,0.6,19450000000.0,45,45,32,17,0,0.16467208855158727,35.32339557857142,2.331442451175946,3.9156102292460306,0.87,0.00098673377777,0.3323525175441865,0.321519322602529,23.064086327493555,355.1023479895377,445.594186066909,35.520210666209984,2.3495190835469106,16.18914137369086,MSG,0.10488599882087331,0.9544847456467581,311994337125.93,0.5923531187896115,1.9309390035,,30.34202088809523,586649113371.4453,,0.1290490914790165
hbt_bcs_-40c_2.50v,hbt_bcs,-40.0,2.5,4,0.6,21200000000.0,45,45,32,17,0,0.16467208855158727,35.32339557857142,2.331442451175946,3.9156102292460306,0.87,0.00098673377777,0.3566154438569995,0.3450223700712471,24.817990368528548,324.8226606912157,413.09243533971323,35.511891810420494,2.35205633907827,15.815510699146298,MSG,0.11428323330265037,0.9472478377430866,311994337125.93,0.5923531187896115,1.9309390035,,30.34202088809523,586649113371.4453,,0.1290490914790165
hbt_bcs_-40c_2.50v,hbt_bcs,-40.0,2.5,4,1.0,17700000000.0,45,45,32,17,0,0.16548505642460312,40.49715195238094,2.388665699243809,4.104540114285713,0.87,0.0010343441088,0.30719517141671154,0.29715422136933695,21.25584453182416,404.71105305013407,484.0246507060836,35.216621834781314,2.3311265465049407,16.957249816762545,MSG,0.09158234324272119,0.9630160774760262,326073767883.7805,1.034675923236967,3.3725692769,,34.54672960476189,612736368794.3097,,0.1188112496101497
hbt_bcs_-40c_2.50v,hbt_bcs,-40.0,2.5,4,1.0,19450000000.0,45,45,32,17,0,0.16548505642460312,40.49715195238094,2.388665699243809,4.104540114285713,0.87,0.0010343441088,0.3307434934046818,0.3199608362532952,22.948120228173508,367.0827091122845,447.1000325112164,35.21023341175913,2.3334298951227903,16.548180391043473,MSG,0.10061702313554093,0.9564995550013475,326073767883.7805,1.034675923236967,3.3725692769,,34.54672960476189,612736368794.3097,,0.1188112496101497
hbt_bcs_-40c_2.50v,hbt_bcs,-40.0,2.5,4,1.0,21200000000.0,45,45,32,17,0,0.16548505642460312,40.49715195238094,2.388665699243809,4.104540114285713,0.87,0.0010343441088,0.3546004514979084,0.3430703278183652,24.67195841705009,335.84379218490574,414.9511051656144,35.203054611616174,2.3359375246085152,16.174450015698348,MSG,0.10964503202747605,0.9495518495547891,326073767883.7805,1.034675923236967,3.3725692769,,34.54672960476189,612736368794.3097,,0.1188112496101497
hbt_bcs_-40c_2.50v,hbt_bcs,-40.0,2.5,4,1.4,17700000000.0,45,45,31,16,0,0.166324538047619,40.4526382579365,2.385990524976846,2.8336086504761897,0.86,0.00071406937992,0.30595521835075445,0.2959534314483439,21.166990640086016,383.7725539033617,523.4341815276729,39.29059909988364,2.5331251179154775,15.866895124174851,MSG,0.09305115543347049,0.972661120750106,260352234221.45892,0.9998531126677592,3.2588409216,,33.593599712698406,619934249626.9713,,0.08434965811077053
hbt_bcs_-40c_2.50v,hbt_bcs,-40.0,2.5,4,1.4,19450000000.0,45,45,31,16,0,0.166324538047619,40.4526382579365,2.385990524976846,2.8336086504761897,0.86,0.00071406937992,0.3308000167156384,0.3200155839179259,22.95219326611448,347.8006265507675,480.9436531395511,39.27959712571755,2.535240617672139,15.458126122383609,MSG,0.10206681585344514,0.9678065073568225,260352234221.45892,0.9998531126677592,3.2588409216,,33.593599712698406,619934249626.9713,,0.08434965811077053
hbt_bcs_-40c_2.50v,hbt_bcs,-40.0,2.5,4,1.4,21200000000.0,45,45,31,16,0,0.166324538047619,40.4526382579365,2.385990524976846,4.319494622619047,0.87,0.0010885126449,0.35453345453692653,0.3430054243865237,24.66710412965135,342.86541635971747,413.2578156234506,34.87261777528725,2.318870497240089,16.446157063491224,MSG,0.10799905630433693,0.9502356236384168,338043621244.136,1.5241818707935926,4.9678132113,,33.593599712698406,619934249626.9713,,0.1285808802736396
hbt_bcs_-40c_2.50v,hbt_bcs,-40.0,2.5,8,0.6,17700000000.0,45,45,32,17,0,0.16472718935317457,35.803310317460316,2.3371578943101365,3.934281599206348,0.87,0.001982877926,0.3099963151776156,0.29986693260174013,21.45666531979422,198.46573201533377,244.02581495332768,18.033390623288884,1.3717572558986137,16.610915746521183,MSG,0.09512263598619966,0.8205268253452033,318047058853.02014,1.190356440953099,2.0793099487,,30.73506162499999,599638433625.8016,,0.12800630261324064
hbt_bcs_-40c_2.50v,hbt_bcs,-40.0,2.5,8,0.6,19450000000.0,45,45,32,17,0,0.16472718935317457,35.803310317460316,2.3371578943101365,3.934281599206348,0.87,0.001982877926,0.3340255955098349,0.32313987014284973,23.18471450726465,179.9644216599121,225.13352439230815,18.029543084353456,1.3776184595486525,16.201927074681755,MSG,0.10446995063942091,0.7946766957716049,318047058853.02014,1.190356440953099,2.0793099487,,30.73506162499999,599638433625.8016,,0.12800630261324064
hbt_bcs_-40c_2.50v,hbt_bcs,-40.0,2.5,8,0.6,21200000000.0,45,45,32,17,0,0.16472718935317457,35.803310317460316,2.3371578943101365,3.934281599206348,0.87,0.001982877926,0.3583417110065643,0.34669472963926673,24.943151520961194,164.62009735562924,208.74449896477296,18.025203238891475,1.3840099840619318,15.828285001281934,MSG,0.11381185145505633,0.7688609395336694,318047058853.02014,1.190356440953099,2.0793099487,,30.73506162499999,599638433625.8016,,0.12800630261324064
hbt_bcs_-40c_2.50v,hbt_bcs,-40.0,2.5,8,1.0,17700000000.0,45,45,32,17,0,0.16557812177182535,41.616948124999986,2.4002672772572273,2.7453704267857137,0.86,0.0013836666951,0.3088169262511308,0.2987247704281505,21.372096280740987,190.36539997911206,263.80829953159645,20.08765387976426,1.5004803894295928,15.63975994879276,MSG,0.09437661701296682,0.8684862593392608,256588155544.6921,1.3840978489509406,2.4178568855,,35.451863176587295,625210644981.1099,,0.0774393834566861
hbt_bcs_-40c_2.50v,hbt_bcs,-40.0,2.5,8,1.0,19450000000.0,45,45,32,17,0,0.16557812177182535,41.616948124999986,2.4002672772572273,4.139911277579364,0.87,0.0020865152839,0.33260036102828416,0.321759383189951,23.081952800856264,186.12417276965894,225.68900893483433,17.861284444642646,1.3658614590571307,16.571298962317286,MSG,0.10034710338864197,0.8015756282117792,332741867001.2676,2.087186601535559,3.6455469271,,35.451863176587295,625210644981.1099,,0.1167755628796795
hbt_bcs_-40c_2.50v,hbt_bcs,-40.0,2.5,8,1.0,21200000000.0,45,45,32,17,0,0.16557812177182535,41.616948124999986,2.4002672772572273,4.139911277579364,0.87,0.0020865152839,0.356503966469635,0.34491437459466806,24.80990952981048,170.28833552905937,209.50937022931907,17.857584808675323,1.372056465829217,16.197553305887972,MSG,0.10933411903160166,0.7762886866116806,332741867001.2676,2.087186601535559,3.6455469271,,35.451863176587295,625210644981.1099,,0.1167755628796795
hbt_bcs_-40c_2.50v,hbt_bcs,-40.0,2.5,8,1.4,17700000000.0,45,45,31,16,0,0.16645661398015868,42.34523249404761,2.4055034656034993,2.8607543140873006,0.86,0.0014418201743,0.3071557910265628,0.29711608461779015,21.253022179357902,194.85731333412318,264.3671232087789,19.89454897030579,1.4876750777324674,15.895499541419378,MSG,0.0927196472457065,0.8705574681511405,265560249523.46207,2.018864488317297,3.5266686087,,35.04005057539682,632283924678.5278,,0.08164241395518886
hbt_bcs_-40c_2.50v,hbt_bcs,-40.0,2.5,8,1.4,19450000000.0,45,45,31,16,0,0.16645661398015868,42.34523249404761,2.4055034656034993,2.8607543140873006,0.86,0.0014418201743,0.3320080169557099,0.32118564089681434,23.039253756740216,176.59161506805492,242.96263998716987,19.888954542120388,1.493429441119187,15.486716252384987,MSG,0.10168353651122902,0.8503626309451033,265560249523.46207,2.018864488317297,3.5266686087,,35.04005057539682,632283924678.5278,,0.08164241395518886
hbt_bcs_-40c_2.50v,hbt_bcs,-40.0,2.5,8,1.4,21200000000.0,45,45,31,16,0,0.16645661398015868,42.34523249404761,2.4055034656034993,4.376470930555555,0.87,0.002205741349,0.3567265502586279,0.34513000623569845,24.82604452140582,173.91126230275634,208.39774958109535,17.677545509986167,1.3599499620814735,16.481159601483302,MSG,0.10783146223956555,0.7778150425919825,345435887230.173,3.088576827685023,5.3940746143,,35.04005057539682,632283924678.5278,,0.1248991042732247
hbt_bcs_-40c_2.75v,hbt_bcs,-40.0,2.75,1,0.6,17700000000.0,45,45,32,17,0,0.16457284187301582,34.494467631746026,2.3213912779989707,3.882521174285713,0.87,0.00024459883398,0.30550621107717274,0.295518608460423,21.1348214494348,1524.2366968189322,1892.7157465746723,138.0371799814694,5.755980002890704,16.575203282940453,MSG,0.0958076348671577,0.9961609041826502,300722061328.2638,0.14683663508286512,1.6669610375,,34.494467631746026,566748235598.7521,upper,0.11255489476557518
hbt_bcs_-40c_2.75v,hbt_bcs,-40.0,2.75,1,0.6,19450000000.0,45,45,32,17,0,0.16457284187301582,34.494467631746026,2.3213912779989707,3.882521174285713,0.87,0.00024459883398,0.3294028138565324,0.31866227992150997,22.851527154028904,1382.080685556675,1745.1617473368658,138.00947589821362,5.755825071472644,16.16624264340367,MSG,0.1052585898569194,0.9954866683965325,300722061328.2638,0.14683663508286512,1.6669610375,,34.494467631746026,566748235598.7521,upper,0.11255489476557518
hbt_bcs_-40c_2.75v,hbt_bcs,-40.0,2.75,1,0.6,21200000000.0,45,45,32,16,0,0.2671185584603174,34.494467631746026,2.1110453843504753,3.882521174285713,0.87,0.00024459883398,0.3535786223991746,0.34208043235952135,24.597929583350467,1264.2087389130477,1617.377113926754,137.97863603821645,5.755643086264463,15.792630596047196,MSG,0.11470435375701198,0.994755887129618,300722061328.2638,0.14683663508286512,1.6669610375,,34.494467631746026,566748235598.7521,upper,0.11255489476557518
hbt_bcs_-40c_2.75v,hbt_bcs,-40.0,2.75,1,1.0,17700000000.0,45,45,32,17,0,0.16531758777777775,38.6437240095238,2.3687599120785476,4.042668619365078,0.87,0.00025468812302,0.3040233091763886,0.2940825620038994,21.02860235694784,1573.881536024893,1899.650044985654,136.97764692252142,5.731451652490659,16.916117014017583,MSG,0.09177723559480404,0.9963302214293771,313673599060.1183,0.25476940499691986,2.8917854646,,38.6437240095238,591835738513.7839,upper,0.10461384669781713
hbt_bcs_-40c_2.75v,hbt_bcs,-40.0,2.75,1,1.0,19450000000.0,45,45,32,17,0,0.16531758777777775,38.6437240095238,2.3687599120785476,4.042668619365078,0.87,0.00025468812302,0.32750748026078885,0.3168265178783273,22.71502331503663,1427.45487667197,1753.7489254032332,136.95331110159705,5.731365693092494,16.507071113522752,MSG,0.10083504947424526,0.9956885515070342,313673599060.1183,0.25476940499691986,2.8917854646,,38.6437240095238,591835738513.7839,upper,0.10461384669781713
hbt_bcs_-40c_2.75v,hbt_bcs,-40.0,2.75,1,1.0,21200000000.0,45,45,32,17,0,0.16531758777777775,38.6437240095238,2.3687599120785476,4.042668619365078,0.87,0.00025468812302,0.3512914397514938,0.3398647538683207,24.432292321641484,1305.9273312219325,1626.9289837365993,136.92624251182366,5.7312611272993985,16.133365951261254,MSG,0.10988798887586775,0.9949926206006792,313673599060.1183,0.25476940499691986,2.8917854646,,38.6437240095238,591835738513.7839,upper,0.10461384669781713
hbt_bcs_-40c_2.75v,hbt_bcs,-40.0,2.75,1,1.4,17700000000.0,45,45,32,17,0,0.16608708422222218,44.18854626507936,2.4249738533665077,2.786497317460317,0.86,0.000175549331,0.3039882237661373,0.29404858537955253,21.02608965589159,1488.2771141744493,2050.9261221935885,153.38785073623404,6.096339082634943,15.816402812993678,MSG,0.09350389103708483,0.9970563269435726,250583921127.1005,0.2458071360923027,2.7901033874,,37.51215215714285,601170023856.5751,,0.07428252332170518
hbt_bcs_-40c_2.75v,hbt_bcs,-40.0,2.75,1,1.4,19450000000.0,45,45,32,17,0,0.16608708422222218,44.18854626507936,2.4249738533665077,4.221376394126983,0.87,0.00026594671283,0.32722203249099324,0.31655004409728077,22.694470239586817,1456.0856670870364,1748.5936662211977,135.83176564711374,5.705221177423214,16.758191211855575,MSG,0.09933809441640709,0.9957813688552705,324367140968.82135,0.3723891830719845,4.2262124569,,37.51215215714285,601170023856.5751,,0.11253356982673607
hbt_bcs_-40c_2.75v,hbt_bcs,-40.0,2.75,1,1.4,21200000000.0,45,45,32,17,0,0.16608708422222218,44.18854626507936,2.4249738533665077,4.221376394126983,0.87,0.00026594671283,0.3507689214256211,0.3393585761445541,24.39446389908271,1332.3365309616495,1623.6025150876424,135.80735960426853,5.705176162577292,16.38442288504166,MSG,0.10807601808954599,0.9950995550759953,324367140968.82135,0.3723891830719845,4.2262124569,,37.51215215714285,601170023856.5751,,0.11253356982673607
hbt_bcs_-40c_2.75v,hbt_bcs,-40.0,2.75,4,0.6,17700000000.0,45,45,32,17,0,0.16467208855158727,35.32339557857142,2.331442451175946,3.9156102292460306,0.87,0.00098673377777,0.30837393678237546,0.29829576620409837,21.34033729445493,391.6146925081223,483.081809552728,35.5276101086703,2.3471868979753006,16.598119441622913,MSG,0.09548251241041836,0.9612811366701792,311994337125.93,0.5923531187896115,1.9309390035,,30.34202088809523,586649113371.4453,,0.1290490914790165
hbt_bcs_-40c_2.75v,hbt_bcs,-40.0,2.75,4,0.6,19450000000.0,45,45,32,17,0,0.16467208855158727,35.32339557857142,2.331442451175946,3.9156102292460306,0.87,0.00098673377777,0.3323525175441865,0.321519322602529,23.064086327493555,355.1023479895377,445.594186066909,35.520210666209984,2.3495190835469106,16.18914137369086,MSG,0.10488599882087331,0.9544847456467581,311994337125.93,0.5923531187896115,1.9309390035,,30.34202088809523,586649113371.4453,,0.1290490914790165
hbt_bcs_-40c_2.75v,hbt_bcs,-40.0,2.75,4,0.6,21200000000.0,45,45,32,17,0,0.16467208855158727,35.32339557857142,2.331442451175946,3.9156102292460306,0.87,0.00098673377777,0.3566154438569995,0.3450223700712471,24.817990368528548,324.8226606912157,413.09243533971323,35.511891810420494,2.35205633907827,15.815510699146298,MSG,0.11428323330265037,0.9472478377430866,311994337125.93,0.5923531187896115,1.9309390035,,30.34202088809523,586649113371.4453,,0.1290490914790165
hbt_bcs_-40c_2.75v,hbt_bcs,-40.0,2.75,4,1.0,17700000000.0,45,45,32,17,0,0.16548505642460312,40.49715195238094,2.388665699243809,4.104540114285713,0.87,0.0010343441088,0.30719517141671154,0.29715422136933695,21.25584453182416,404.71105305013407,484.0246507060836,35.216621834781314,2.3311265465049407,16.957249816762545,MSG,0.09158234324272119,0.9630160774760262,326073767883.7805,1.034675923236967,3.3725692769,,34.54672960476189,612736368794.3097,,0.1188112496101497
hbt_bcs_-40c_2.75v,hbt_bcs,-40.0,2.75,4,1.0,19450000000.0,45,45,32,17,0,0.16548505642460312,40.49715195238094,2.388665699243809,4.104540114285713,0.87,0.0010343441088,0.3307434934046818,0.3199608362532952,22.948120228173508,367.0827091122845,447.1000325112164,35.21023341175913,2.3334298951227903,16.548180391043473,MSG,0.10061702313554093,0.9564995550013475,326073767883.7805,1.034675923236967,3.3725692769,,34.54672960476189,612736368794.3097,,0.1188112496101497
hbt_bcs_-40c_2.75v,hbt_bcs,-40.0,2.75,4,1.0,21200000000.0,45,45,32,17,0,0.16548505642460312,40.49715195238094,2.388665699243809,4.104540114285713,0.87,0.0010343441088,0.3546004514979084,0.3430703278183652,24.67195841705009,335.84379218490574,414.9511051656144,35.203054611616174,2.3359375246085152,16.174450015698348,MSG,0.10964503202747605,0.9495518495547891,326073767883.7805,1.034675923236967,3.3725692769,,34.54672960476189,612736368794.3097,,0.1188112496101497
hbt_bcs_-40c_2.75v,hbt_bcs,-40.0,2.75,4,1.4,17700000000.0,45,45,31,16,0,0.166324538047619,40.4526382579365,2.385990524976846,2.8336086504761897,0.86,0.00071406937992,0.30595521835075445,0.2959534314483439,21.166990640086016,383.7725539033617,523.4341815276729,39.29059909988364,2.5331251179154775,15.866895124174851,MSG,0.09305115543347049,0.972661120750106,260352234221.45892,0.9998531126677592,3.2588409216,,33.593599712698406,619934249626.9713,,0.08434965811077053
hbt_bcs_-40c_2.75v,hbt_bcs,-40.0,2.75,4,1.4,19450000000.0,45,45,31,16,0,0.166324538047619,40.4526382579365,2.385990524976846,2.8336086504761897,0.86,0.00071406937992,0.3308000167156384,0.3200155839179259,22.95219326611448,347.8006265507675,480.9436531395511,39.27959712571755,2.535240617672139,15.458126122383609,MSG,0.10206681585344514,0.9678065073568225,260352234221.45892,0.9998531126677592,3.2588409216,,33.593599712698406,619934249626.9713,,0.08434965811077053
hbt_bcs_-40c_2.75v,hbt_bcs,-40.0,2.75,4,1.4,21200000000.0,45,45,31,16,0,0.166324538047619,40.4526382579365,2.385990524976846,4.319494622619047,0.87,0.0010885126449,0.35453345453692653,0.3430054243865237,24.66710412965135,342.86541635971747,413.2578156234506,34.87261777528725,2.318870497240089,16.446157063491224,MSG,0.10799905630433693,0.9502356236384168,338043621244.136,1.5241818707935926,4.9678132113,,33.593599712698406,619934249626.9713,,0.1285808802736396
hbt_bcs_-40c_2.75v,hbt_bcs,-40.0,2.75,8,0.6,17700000000.0,45,45,32,17,0,0.16472718935317457,35.803310317460316,2.3371578943101365,3.934281599206348,0.87,0.001982877926,0.3099963151776156,0.29986693260174013,21.45666531979422,198.46573201533377,244.02581495332768,18.033390623288884,1.3717572558986137,16.610915746521183,MSG,0.09512263598619966,0.8205268253452033,318047058853.02014,1.190356440953099,2.0793099487,,30.73506162499999,599638433625.8016,,0.12800630261324064
hbt_bcs_-40c_2.75v,hbt_bcs,-40.0,2.75,8,0.6,19450000000.0,45,45,32,17,0,0.16472718935317457,35.803310317460316,2.3371578943101365,3.934281599206348,0.87,0.001982877926,0.3340255955098349,0.32313987014284973,23.18471450726465,179.9644216599121,225.13352439230815,18.029543084353456,1.3776184595486525,16.201927074681755,MSG,0.10446995063942091,0.7946766957716049,318047058853.02014,1.190356440953099,2.0793099487,,30.73506162499999,599638433625.8016,,0.12800630261324064
hbt_bcs_-40c_2.75v,hbt_bcs,-40.0,2.75,8,0.6,21200000000.0,45,45,32,17,0,0.16472718935317457,35.803310317460316,2.3371578943101365,3.934281599206348,0.87,0.001982877926,0.3583417110065643,0.34669472963926673,24.943151520961194,164.62009735562924,208.74449896477296,18.025203238891475,1.3840099840619318,15.828285001281934,MSG,0.11381185145505633,0.7688609395336694,318047058853.02014,1.190356440953099,2.0793099487,,30.73506162499999,599638433625.8016,,0.12800630261324064
hbt_bcs_-40c_2.75v,hbt_bcs,-40.0,2.75,8,1.0,17700000000.0,45,45,32,17,0,0.16557812177182535,41.616948124999986,2.4002672772572273,2.7453704267857137,0.86,0.0013836666951,0.3088169262511308,0.2987247704281505,21.372096280740987,190.36539997911206,263.80829953159645,20.08765387976426,1.5004803894295928,15.63975994879276,MSG,0.09437661701296682,0.8684862593392608,256588155544.6921,1.3840978489509406,2.4178568855,,35.451863176587295,625210644981.1099,,0.0774393834566861
hbt_bcs_-40c_2.75v,hbt_bcs,-40.0,2.75,8,1.0,19450000000.0,45,45,32,17,0,0.16557812177182535,41.616948124999986,2.4002672772572273,4.139911277579364,0.87,0.0020865152839,0.33260036102828416,0.321759383189951,23.081952800856264,186.12417276965894,225.68900893483433,17.861284444642646,1.3658614590571307,16.571298962317286,MSG,0.10034710338864197,0.8015756282117792,332741867001.2676,2.087186601535559,3.6455469271,,35.451863176587295,625210644981.1099,,0.1167755628796795
hbt_bcs_-40c_2.75v,hbt_bcs,-40.0,2.75,8,1.0,21200000000.0,45,45,32,17,0,0.16557812177182535,41.616948124999986,2.4002672772572273,4.139911277579364,0.87,0.0020865152839,0.356503966469635,0.34491437459466806,24.80990952981048,170.28833552905937,209.50937022931907,17.857584808675323,1.372056465829217,16.197553305887972,MSG,0.10933411903160166,0.7762886866116806,332741867001.2676,2.087186601535559,3.6455469271,,35.451863176587295,625210644981.1099,,0.1167755628796795
hbt_bcs_-40c_2.75v,hbt_bcs,-40.0,2.75,8,1.4,17700000000.0,45,45,31,16,0,0.16645661398015868,42.34523249404761,2.4055034656034993,2.8607543140873006,0.86,0.0014418201743,0.3071557910265628,0.29711608461779015,21.253022179357902,194.85731333412318,264.3671232087789,19.89454897030579,1.4876750777324674,15.895499541419378,MSG,0.0927196472457065,0.8705574681511405,265560249523.46207,2.018864488317297,3.5266686087,,35.04005057539682,632283924678.5278,,0.08164241395518886
hbt_bcs_-40c_2.75v,hbt_bcs,-40.0,2.75,8,1.4,19450000000.0,45,45,31,16,0,0.16645661398015868,42.34523249404761,2.4055034656034993,2.8607543140873006,0.86,0.0014418201743,0.3320080169557099,0.32118564089681434,23.039253756740216,176.59161506805492,242.96263998716987,19.888954542120388,1.493429441119187,15.486716252384987,MSG,0.10168353651122902,0.8503626309451033,265560249523.46207,2.018864488317297,3.5266686087,,35.04005057539682,632283924678.5278,,0.08164241395518886
hbt_bcs_-40c_2.75v,hbt_bcs,-40.0,2.75,8,1.4,21200000000.0,45,45,31,16,0,0.16645661398015868,42.34523249404761,2.4055034656034993,4.376470930555555,0.87,0.002205741349,0.3567265502586279,0.34513000623569845,24.82604452140582,173.91126230275634,208.39774958109535,17.677545509986167,1.3599499620814735,16.481159601483302,MSG,0.10783146223956555,0.7778150425919825,345435887230.173,3.088576827685023,5.3940746143,,35.04005057539682,632283924678.5278,,0.1248991042732247
hbt_bcs_125c_2.25v,hbt_bcs,125.0,2.25,1,0.6,17700000000.0,45,45,22,22,0,0.6976744850158728,43.693698334920626,1.7967659654668737,3.328914733968253,0.71,0.00020972162824,0.6785666377196496,0.6572706443015718,49.04290589790438,1254.3079229716302,1782.8580108516894,308.34017730226907,8.559080322379685,13.86843417379498,MSG,0.12782177412472825,0.9957208701678791,165238349247.36478,0.1260043530448148,1.4303831389,,30.766489455555547,366188130586.4151,,0.10819936862725645
hbt_bcs_125c_2.25v,hbt_bcs,125.0,2.25,1,0.6,19450000000.0,45,45,22,22,0,0.6976744850158728,43.693698334920626,1.7967659654668737,4.231071445396825,0.72,0.00026655750106,0.7252046453237638,0.702560067190927,52.703438898392314,1188.555818840928,1553.7344836824993,280.61743304858635,8.21085798228238,14.300574223239709,MSG,0.13662479350627207,0.994327340871173,192594847589.53857,0.16015882698037678,1.8180996165,,30.766489455555547,366188130586.4151,,0.13752207418753182
hbt_bcs_125c_2.25v,hbt_bcs,125.0,2.25,1,0.6,21200000000.0,45,45,22,22,0,0.6976744850158728,43.693698334920626,1.7967659654668737,4.231071445396825,0.72,0.00026655750106,0.77244858278652,0.7484521646045101,56.45182721329586,1085.2809759908114,1444.8146150347782,280.5061346560359,8.210321246385659,13.92771953323104,MSG,0.14886977014109196,0.9934710154892131,192594847589.53857,0.16015882698037678,1.8180996165,,30.766489455555547,366188130586.4151,,0.13752207418753182
hbt_bcs_125c_2.25v,hbt_bcs,125.0,2.25,1,1.0,17700000000.0,45,45,21,21,0,0.7032096907460316,43.28662577460316,1.789268886543522,3.412074404126983,0.71,0.00021496068746,0.6679709953292945,0.6469833508049061,48.216738661305264,1310.398613469149,1815.9860186765372,306.1963387995105,8.532884407918374,14.304553362992928,MSG,0.11916762371597397,0.9960423253159111,172153697373.47687,0.2151368434592236,2.4422024195,,38.34203359841269,416328219487.34766,,0.08899043905350494
hbt_bcs_125c_2.25v,hbt_bcs,125.0,2.25,1,1.0,19450000000.0,45,45,21,21,0,0.7032096907460316,43.28662577460316,1.789268886543522,4.356953143809523,0.72,0.00027448804806,0.7153538238840971,0.6929929217451012,51.92698772593184,1241.3607360135204,1577.3222625625026,278.6203816189815,8.184414269388414,14.762752346888014,MSG,0.1274226899375913,0.9947451252679002,201634775779.4006,0.27472036196868,3.1185856153,,38.34203359841269,416328219487.34766,,0.11363385649919976
hbt_bcs_125c_2.25v,hbt_bcs,125.0,2.25,1,1.0,21200000000.0,45,45,21,21,0,0.7032096907460316,43.28662577460316,1.789268886543522,4.356953143809523,0.72,0.00027448804806,0.7611883902341283,0.7375128762373466,55.554725938059796,1133.6907276406628,1468.761197395525,278.5251922187585,8.184043360433046,14.389665555401287,MSG,0.1388452856627881,0.9939615281770555,201634775779.4006,0.27472036196868,3.1185856153,,38.34203359841269,416328219487.34766,,0.11363385649919976
hbt_bcs_125c_2.25v,hbt_bcs,125.0,2.25,1,1.4,17700000000.0,45,45,20,20,0,0.7093555439523808,42.81547659206348,1.7807368153452072,3.502621035873015,0.71,0.00022066512526,0.6629321861420902,0.6420914348854523,47.82455745090572,1339.8807502867458,1823.5972083667293,303.8492127545743,8.50394670296194,14.555511823997563,MSG,0.11921756776258156,0.9961496309027718,176825897229.435,0.3090494298163996,3.5082844903,,42.81547659206348,426572236475.2327,upper,0.08180735833552022
hbt_bcs_125c_2.25v,hbt_bcs,125.0,2.25,1,1.4,19450000000.0,45,45,20,20,0,0.7093555439523808,42.81547659206348,1.7807368153452072,3.502621035873015,0.71,0.00022066512526,0.7097137864894155,0.6875155831255064,51.48322677747455,1211.510132833105,1684.417088479709,303.72576623489897,8.503191170746017,14.147312023548558,MSG,0.1301686608619972,0.9955316822051611,176825897229.435,0.3090494298163996,3.5082844903,,42.81547659206348,426572236475.2327,upper,0.08180735833552022
hbt_bcs_125c_2.25v,hbt_bcs,125.0,2.25,1,1.4,21200000000.0,45,45,20,20,0,0.7093555439523808,42.81547659206348,1.7807368153452072,3.502621035873015,0.71,0.00022066512526,0.7570414955524916,0.733484367694091,55.22492779717005,1105.6253912231616,1563.2387473118288,303.58847747853144,8.50233625051523,13.774529923964263,MSG,0.14117404131504188,0.994861608387535,176825897229.435,0.3090494298163996,3.5082844903,,42.81547659206348,426572236475.2327,upper,0.08180735833552022
hbt_bcs_125c_2.25v,hbt_bcs,125.0,2.25,4,0.6,17700000000.0,45,45,22,22,0,0.6986251026190474,44.649118579365066,1.805568703462379,3.3457997167063485,0.71,0.00084314152861,0.685286110478221,0.6637949485909244,49.56788445505891,324.0547073555444,454.6704600125724,79.17194729156701,4.153909895354955,13.883774163988312,MSG,0.1273373141381293,0.9685469489631902,169866087367.64954,0.5065748304243589,1.6514289931,,31.359627848412693,376124381638.66504,,0.10669130810095695
hbt_bcs_125c_2.25v,hbt_bcs,125.0,2.25,4,0.6,19450000000.0,45,45,22,22,0,0.6986251026190474,44.649118579365066,1.805568703462379,4.256833507142856,0.72,0.0010727220438,0.7334231218968595,0.7105423524295852,53.352576043689794,306.81842499707506,396.0707686857789,72.20208691219646,3.9197979020522187,14.317888376526913,MSG,0.1363562400561793,0.9564206988302247,198479127192.63467,0.644537652023664,2.1011863213,,31.359627848412693,376124381638.66504,,0.13574247525256652
hbt_bcs_125c_2.25v,hbt_bcs,125.0,2.25,4,0.6,21200000000.0,45,45,22,22,0,0.6986251026190474,44.649118579365066,1.805568703462379,4.256833507142856,0.72,0.0010727220438,0.7809239828339587,0.7566865568877486,57.12859953727119,280.2071259895027,368.44451148566867,72.17143768288513,3.9243986773612565,13.945018254603593,MSG,0.14854260897055743,0.9498706858546336,198479127192.63467,0.644537652023664,2.1011863213,,31.359627848412693,376124381638.66504,,0.13574247525256652
hbt_bcs_125c_2.25v,hbt_bcs,125.0,2.25,4,1.0,17700000000.0,45,45,21,21,0,0.7048330209523808,45.080655027777766,1.805903975490565,3.4423531384920625,0.71,0.0008674729909,0.6746772516364047,0.6534943602782368,48.739407116620725,338.92296420202655,462.8296138235942,78.5465659693431,4.131622247140771,14.33231909835579,MSG,0.11888790891703542,0.9711981650321762,177213364756.28128,0.868185583051212,2.8302767163,,39.853879488095224,427340528386.2222,,0.08637435508681984
hbt_bcs_125c_2.25v,hbt_bcs,125.0,2.25,4,1.0,19450000000.0,45,45,21,21,0,0.7048330209523808,45.080655027777766,1.805903975490565,3.4423531384920625,0.71,0.0008674729909,0.7223598797665952,0.6997971587276461,52.479030863995916,306.4822910969992,427.3431571629595,78.51092811890702,4.135343812030881,13.924226446307028,MSG,0.13056958991475248,0.9664570726069099,177213364756.28128,0.868185583051212,2.8302767163,,39.853879488095224,427340528386.2222,,0.08637435508681984
hbt_bcs_125c_2.25v,hbt_bcs,125.0,2.25,4,1.0,21200000000.0,45,45,21,21,0,0.7048330209523808,45.080655027777766,1.805903975490565,4.40375118174603,0.72,0.0011097452978,0.7698715664999785,0.7459485193841466,56.24631063354478,292.9970910671565,374.18628421257336,71.59316188681464,3.902201311999267,14.421514275541707,MSG,0.13880315847080646,0.9540083348337005,208076728867.66528,1.110687632058032,3.6208308294,,39.853879488095224,427340528386.2222,,0.11049742806246698
hbt_bcs_125c_2.25v,hbt_bcs,125.0,2.25,4,1.4,17700000000.0,45,45,20,20,0,0.7116888881349205,45.661402257936494,1.8072590594295976,3.5484232412301577,0.71,0.00089420265679,0.6699290679298207,0.6488843855613413,48.36926241458422,346.8181403486738,464.2753840749596,77.8661959895328,4.107637304563826,14.59658983437718,MSG,0.11911887167353785,0.9720752074460768,182967268440.24268,1.2523665143143163,4.0827028704,,39.74887494444444,436728435809.97754,,0.08927103587685589
hbt_bcs_125c_2.25v,hbt_bcs,125.0,2.25,4,1.4,19450000000.0,45,45,20,20,0,0.7116888881349205,45.661402257936494,1.8072590594295976,3.5484232412301577,0.71,0.00089420265679,0.7168365962554304,0.694432954473651,52.04374869610021,313.6546719543077,429.1038921113688,77.83377350304161,4.111348257976206,14.18836380902845,MSG,0.1300364495262741,0.9674814141877016,182967268440.24268,1.2523665143143163,4.0827028704,,39.74887494444444,436728435809.97754,,0.08927103587685589
hbt_bcs_125c_2.25v,hbt_bcs,125.0,2.25,4,1.4,21200000000.0,45,45,20,20,0,0.7116888881349205,45.661402257936494,1.8072590594295976,3.5484232412301577,0.71,0.00089420265679,0.764298273230889,0.7405340498819983,55.80225835302904,286.28418669273873,398.42536537132315,77.79733152330286,4.115366051460034,13.815553831690607,MSG,0.14100626681805126,0.9625669490123753,182967268440.24268,1.2523665143143163,4.0827028704,,39.74887494444444,436728435809.97754,,0.08927103587685589
hbt_bcs_125c_2.25v,hbt_bcs,125.0,2.25,8,0.6,17700000000.0,45,45,22,22,0,0.6991539088095237,45.19956795039682,1.810561493499694,3.3552652527777775,0.71,0.0016910536874,0.6890555901527878,0.6674550712590974,49.86274196332796,164.65201255224733,229.589105449281,40.14747599907755,2.6350601793070894,13.892296413505425,MSG,0.12683591534864452,0.8707128593074908,172265880978.72916,1.016016991316924,1.7749695489,,27.741189873015866,382189846996.6288,,0.1209488586515706
hbt_bcs_125c_2.25v,hbt_bcs,125.0,2.25,8,0.6,19450000000.0,45,45,22,22,0,0.6991539088095237,45.19956795039682,1.810561493499694,4.271304375992062,0.72,0.0021527374055,0.7379498081254972,0.7149391312159676,53.7106417634118,155.84140466548186,199.95541832756606,36.647451232242695,2.477223168781408,14.32751973575919,MSG,0.1359270933965587,0.8225309030459518,201575406720.43332,1.293459311387784,2.2596578613,,27.741189873015866,382189846996.6288,,0.1539697610500407
hbt_bcs_125c_2.25v,hbt_bcs,125.0,2.25,8,0.6,21200000000.0,45,45,22,22,0,0.6991539088095237,45.19956795039682,1.810561493499694,4.271304375992062,0.72,0.0021527374055,0.7855925318214719,0.7612225453608901,57.501954091690614,142.33723973309432,186.0431420368471,36.6312172121227,2.4902225869186747,13.954639062276913,MSG,0.14804540003686154,0.7999669417909139,201575406720.43332,1.293459311387784,2.2596578613,,27.741189873015866,382189846996.6288,,0.1539697610500407
hbt_bcs_125c_2.25v,hbt_bcs,125.0,2.25,8,1.0,17700000000.0,45,44,21,21,1,0.7057378109920635,46.15394051984126,1.8155653999785233,3.459462927182539,0.71,0.0017435693153,0.6784723344154302,0.6571790821430392,49.035543953301925,172.31046480207263,233.62134848333906,39.808987222268804,2.6153130749144933,14.347838303046226,MSG,0.11857958072093353,0.8808499686907367,180148153206.7787,1.745003527806437,3.0485005328,,40.75534764484126,433343149530.4303,,0.08488365643030975
hbt_bcs_125c_2.25v,hbt_bcs,125.0,2.25,8,1.0,19450000000.0,45,44,21,21,1,0.7057378109920635,46.15394051984126,1.8155653999785233,3.459462927182539,0.71,0.0017435693153,0.7262535797374465,0.7035788320370824,52.786220711269806,155.83152610602673,215.7622796274397,39.790476317640824,2.6266192804625135,13.93973322691809,MSG,0.1301999083318158,0.8628210164928204,180148153206.7787,1.745003527806437,3.0485005328,,40.75534764484126,433343149530.4303,,0.08488365643030975
hbt_bcs_125c_2.25v,hbt_bcs,125.0,2.25,8,1.0,21200000000.0,45,44,21,21,1,0.7057378109920635,46.15394051984126,1.8155653999785233,3.459462927182539,0.71,0.0017435693153,0.7745488417860031,0.75049265772489,56.61941270438618,142.2371081518691,200.21923188808017,39.76956626136706,2.6389071474854586,13.567057986591454,MSG,0.14180936302637182,0.8443674666356568,180148153206.7787,1.745003527806437,3.0485005328,,40.75534764484126,433343149530.4303,,0.08488365643030975
hbt_bcs_125c_2.25v,hbt_bcs,125.0,2.25,8,1.4,17700000000.0,45,45,20,20,0,0.712992053392857,47.448872569444426,1.823141208156413,3.5745379898809517,0.71,0.0018015671469,0.6739100692832151,0.652749498948652,48.679573995509436,176.40090078407195,234.20451385439233,39.4414276193259,2.5954752209363843,14.619688376005042,MSG,0.1189606331602213,0.8841116531019578,186279552633.51154,2.523170813503663,4.4079495209,,41.20327750793649,442723391978.65356,,0.0867537294622359
hbt_bcs_125c_2.25v,hbt_bcs,125.0,2.25,8,1.4,19450000000.0,45,45,20,20,0,0.712992053392857,47.448872569444426,1.823141208156413,3.5745379898809517,0.71,0.0018015671469,0.7208987132766518,0.6983780570194051,52.36382453931874,159.54958218015688,216.53074574171416,39.424788036051915,2.606544046940264,14.211445475521153,MSG,0.12983015132840345,0.8664617841271312,186279552633.51154,2.523170813503663,4.4079495209,,41.20327750793649,442723391978.65356,,0.0867537294622359
hbt_bcs_125c_2.25v,hbt_bcs,125.0,2.25,8,1.4,21200000000.0,45,45,20,20,0,0.712992053392857,47.448872569444426,1.823141208156413,3.5745379898809517,0.71,0.0018015671469,0.7684454564432709,0.7445630307531016,56.132631021666356,145.63766325374428,201.1000367298706,39.40599492297964,2.6185785825794556,13.838617488286413,MSG,0.1407526524403058,0.8483642364379503,186279552633.51154,2.523170813503663,4.4079495209,,41.20327750793649,442723391978.65356,,0.0867537294622359
hbt_bcs_125c_2.50v,hbt_bcs,125.0,2.5,1,0.6,17700000000.0,45,45,22,22,0,0.6976744850158728,43.693698334920626,1.7967659654668737,3.328914733968253,0.71,0.00020972162824,0.6785666377196496,0.6572706443015718,49.04290589790438,1254.3079229716302,1782.8580108516894,308.34017730226907,8.559080322379685,13.86843417379498,MSG,0.12782177412472825,0.9957208701678791,165238349247.36478,0.1260043530448148,1.4303831389,,30.766489455555547,366188130586.4151,,0.10819936862725645
hbt_bcs_125c_2.50v,hbt_bcs,125.0,2.5,1,0.6,19450000000.0,45,45,22,22,0,0.6976744850158728,43.693698334920626,1.7967659654668737,4.231071445396825,0.72,0.00026655750106,0.7252046453237638,0.702560067190927,52.703438898392314,1188.555818840928,1553.7344836824993,280.61743304858635,8.21085798228238,14.300574223239709,MSG,0.13662479350627207,0.994327340871173,192594847589.53857,0.16015882698037678,1.8180996165,,30.766489455555547,366188130586.4151,,0.13752207418753182
hbt_bcs_125c_2.50v,hbt_bcs,125.0,2.5,1,0.6,21200000000.0,45,45,22,22,0,0.6976744850158728,43.693698334920626,1.7967659654668737,4.231071445396825,0.72,0.00026655750106,0.77244858278652,0.7484521646045101,56.45182721329586,1085.2809759908114,1444.8146150347782,280.5061346560359,8.210321246385659,13.92771953323104,MSG,0.14886977014109196,0.9934710154892131,192594847589.53857,0.16015882698037678,1.8180996165,,30.766489455555547,366188130586.4151,,0.13752207418753182
hbt_bcs_125c_2.50v,hbt_bcs,125.0,2.5,1,1.0,17700000000.0,45,45,21,21,0,0.7032096907460316,43.28662577460316,1.789268886543522,3.412074404126983,0.71,0.00021496068746,0.6679709953292945,0.6469833508049061,48.216738661305264,1310.398613469149,1815.9860186765372,306.1963387995105,8.532884407918374,14.304553362992928,MSG,0.11916762371597397,0.9960423253159111,172153697373.47687,0.2151368434592236,2.4422024195,,38.34203359841269,416328219487.34766,,0.08899043905350494
hbt_bcs_125c_2.50v,hbt_bcs,125.0,2.5,1,1.0,19450000000.0,45,45,21,21,0,0.7032096907460316,43.28662577460316,1.789268886543522,4.356953143809523,0.72,0.00027448804806,0.7153538238840971,0.6929929217451012,51.92698772593184,1241.3607360135204,1577.3222625625026,278.6203816189815,8.184414269388414,14.762752346888014,MSG,0.1274226899375913,0.9947451252679002,201634775779.4006,0.27472036196868,3.1185856153,,38.34203359841269,416328219487.34766,,0.11363385649919976
hbt_bcs_125c_2.50v,hbt_bcs,125.0,2.5,1,1.0,21200000000.0,45,45,21,21,0,0.7032096907460316,43.28662577460316,1.789268886543522,4.356953143809523,0.72,0.00027448804806,0.7611883902341283,0.7375128762373466,55.554725938059796,1133.6907276406628,1468.761197395525,278.5251922187585,8.184043360433046,14.389665555401287,MSG,0.1388452856627881,0.9939615281770555,201634775779.4006,0.27472036196868,3.1185856153,,38.34203359841269,416328219487.34766,,0.11363385649919976
hbt_bcs_125c_2.50v,hbt_bcs,125.0,2.5,1,1.4,17700000000.0,45,45,20,20,0,0.7093555439523808,42.81547659206348,1.7807368153452072,3.502621035873015,0.71,0.00022066512526,0.6629321861420902,0.6420914348854523,47.82455745090572,1339.8807502867458,1823.5972083667293,303.8492127545743,8.50394670296194,14.555511823997563,MSG,0.11921756776258156,0.9961496309027718,176825897229.435,0.3090494298163996,3.5082844903,,42.81547659206348,426572236475.2327,upper,0.08180735833552022
hbt_bcs_125c_2.50v,hbt_bcs,125.0,2.5,1,1.4,19450000000.0,45,45,20,20,0,0.7093555439523808,42.81547659206348,1.7807368153452072,3.502621035873015,0.71,0.00022066512526,0.7097137864894155,0.6875155831255064,51.48322677747455,1211.510132833105,1684.417088479709,303.72576623489897,8.503191170746017,14.147312023548558,MSG,0.1301686608619972,0.9955316822051611,176825897229.435,0.3090494298163996,3.5082844903,,42.81547659206348,426572236475.2327,upper,0.08180735833552022
hbt_bcs_125c_2.50v,hbt_bcs,125.0,2.5,1,1.4,21200000000.0,45,45,20,20,0,0.7093555439523808,42.81547659206348,1.7807368153452072,3.502621035873015,0.71,0.00022066512526,0.7570414955524916,0.733484367694091,55.22492779717005,1105.6253912231616,1563.2387473118288,303.58847747853144,8.50233625051523,13.774529923964263,MSG,0.14117404131504188,0.994861608387535,176825897229.435,0.3090494298163996,3.5082844903,,42.81547659206348,426572236475.2327,upper,0.08180735833552022
hbt_bcs_125c_2.50v,hbt_bcs,125.0,2.5,4,0.6,17700000000.0,45,45,22,22,0,0.6986251026190474,44.649118579365066,1.805568703462379,3.3457997167063485,0.71,0.00084314152861,0.685286110478221,0.6637949485909244,49.56788445505891,324.0547073555444,454.6704600125724,79.17194729156701,4.153909895354955,13.883774163988312,MSG,0.1273373141381293,0.9685469489631902,169866087367.64954,0.5065748304243589,1.6514289931,,31.359627848412693,376124381638.66504,,0.10669130810095695
hbt_bcs_125c_2.50v,hbt_bcs,125.0,2.5,4,0.6,19450000000.0,45,45,22,22,0,0.6986251026190474,44.649118579365066,1.805568703462379,4.256833507142856,0.72,0.0010727220438,0.7334231218968595,0.7105423524295852,53.352576043689794,306.81842499707506,396.0707686857789,72.20208691219646,3.9197979020522187,14.317888376526913,MSG,0.1363562400561793,0.9564206988302247,198479127192.63467,0.644537652023664,2.1011863213,,31.359627848412693,376124381638.66504,,0.13574247525256652
hbt_bcs_125c_2.50v,hbt_bcs,125.0,2.5,4,0.6,21200000000.0,45,45,22,22,0,0.6986251026190474,44.649118579365066,1.805568703462379,4.256833507142856,0.72,0.0010727220438,0.7809239828339587,0.7566865568877486,57.12859953727119,280.2071259895027,368.44451148566867,72.17143768288513,3.9243986773612565,13.945018254603593,MSG,0.14854260897055743,0.9498706858546336,198479127192.63467,0.644537652023664,2.1011863213,,31.359627848412693,376124381638.66504,,0.13574247525256652
hbt_bcs_125c_2.50v,hbt_bcs,125.0,2.5,4,1.0,17700000000.0,45,45,21,21,0,0.7048330209523808,45.080655027777766,1.805903975490565,3.4423531384920625,0.71,0.0008674729909,0.6746772516364047,0.6534943602782368,48.739407116620725,338.92296420202655,462.8296138235942,78.5465659693431,4.131622247140771,14.33231909835579,MSG,0.11888790891703542,0.9711981650321762,177213364756.28128,0.868185583051212,2.8302767163,,39.853879488095224,427340528386.2222,,0.08637435508681984
hbt_bcs_125c_2.50v,hbt_bcs,125.0,2.5,4,1.0,19450000000.0,45,45,21,21,0,0.7048330209523808,45.080655027777766,1.805903975490565,3.4423531384920625,0.71,0.0008674729909,0.7223598797665952,0.6997971587276461,52.479030863995916,306.4822910969992,427.3431571629595,78.51092811890702,4.135343812030881,13.924226446307028,MSG,0.13056958991475248,0.9664570726069099,177213364756.28128,0.868185583051212,2.8302767163,,39.853879488095224,427340528386.2222,,0.08637435508681984
hbt_bcs_125c_2.50v,hbt_bcs,125.0,2.5,4,1.0,21200000000.0,45,45,21,21,0,0.7048330209523808,45.080655027777766,1.805903975490565,4.40375118174603,0.72,0.0011097452978,0.7698715664999785,0.7459485193841466,56.24631063354478,292.9970910671565,374.18628421257336,71.59316188681464,3.902201311999267,14.421514275541707,MSG,0.13880315847080646,0.9540083348337005,208076728867.66528,1.110687632058032,3.6208308294,,39.853879488095224,427340528386.2222,,0.11049742806246698
hbt_bcs_125c_2.50v,hbt_bcs,125.0,2.5,4,1.4,17700000000.0,45,45,20,20,0,0.7116888881349205,45.661402257936494,1.8072590594295976,3.5484232412301577,0.71,0.00089420265679,0.6699290679298207,0.6488843855613413,48.36926241458422,346.8181403486738,464.2753840749596,77.8661959895328,4.107637304563826,14.59658983437718,MSG,0.11911887167353785,0.9720752074460768,182967268440.24268,1.2523665143143163,4.0827028704,,39.74887494444444,436728435809.97754,,0.08927103587685589
hbt_bcs_125c_2.50v,hbt_bcs,125.0,2.5,4,1.4,19450000000.0,45,45,20,20,0,0.7116888881349205,45.661402257936494,1.8072590594295976,3.5484232412301577,0.71,0.00089420265679,0.7168365962554304,0.694432954473651,52.04374869610021,313.6546719543077,429.1038921113688,77.83377350304161,4.111348257976206,14.18836380902845,MSG,0.1300364495262741,0.9674814141877016,182967268440.24268,1.2523665143143163,4.0827028704,,39.74887494444444,436728435809.97754,,0.08927103587685589
hbt_bcs_125c_2.50v,hbt_bcs,125.0,2.5,4,1.4,21200000000.0,45,45,20,20,0,0.7116888881349205,45.661402257936494,1.8072590594295976,3.5484232412301577,0.71,0.00089420265679,0.764298273230889,0.7405340498819983,55.80225835302904,286.28418669273873,398.42536537132315,77.79733152330286,4.115366051460034,13.815553831690607,MSG,0.14100626681805126,0.9625669490123753,182967268440.24268,1.2523665143143163,4.0827028704,,39.74887494444444,436728435809.97754,,0.08927103587685589
hbt_bcs_125c_2.50v,hbt_bcs,125.0,2.5,8,0.6,17700000000.0,45,45,22,22,0,0.6991539088095237,45.19956795039682,1.810561493499694,3.3552652527777775,0.71,0.0016910536874,0.6890555901527878,0.6674550712590974,49.86274196332796,164.65201255224733,229.589105449281,40.14747599907755,2.6350601793070894,13.892296413505425,MSG,0.12683591534864452,0.8707128593074908,172265880978.72916,1.016016991316924,1.7749695489,,27.741189873015866,382189846996.6288,,0.1209488586515706
hbt_bcs_125c_2.50v,hbt_bcs,125.0,2.5,8,0.6,19450000000.0,45,45,22,22,0,0.6991539088095237,45.19956795039682,1.810561493499694,4.271304375992062,0.72,0.0021527374055,0.7379498081254972,0.7149391312159676,53.7106417634118,155.84140466548186,199.95541832756606,36.647451232242695,2.477223168781408,14.32751973575919,MSG,0.1359270933965587,0.8225309030459518,201575406720.43332,1.293459311387784,2.2596578613,,27.741189873015866,382189846996.6288,,0.1539697610500407
hbt_bcs_125c_2.50v,hbt_bcs,125.0,2.5,8,0.6,21200000000.0,45,45,22,22,0,0.6991539088095237,45.19956795039682,1.810561493499694,4.271304375992062,0.72,0.0021527374055,0.7855925318214719,0.7612225453608901,57.501954091690614,142.33723973309432,186.0431420368471,36.6312172121227,2.4902225869186747,13.954639062276913,MSG,0.14804540003686154,0.7999669417909139,201575406720.43332,1.293459311387784,2.2596578613,,27.741189873015866,382189846996.6288,,0.1539697610500407
hbt_bcs_125c_2.50v,hbt_bcs,125.0,2.5,8,1.0,17700000000.0,45,44,21,21,1,0.7057378109920635,46.15394051984126,1.8155653999785233,3.459462927182539,0.71,0.0017435693153,0.6784723344154302,0.6571790821430392,49.035543953301925,172.31046480207263,233.62134848333906,39.808987222268804,2.6153130749144933,14.347838303046226,MSG,0.11857958072093353,0.8808499686907367,180148153206.7787,1.745003527806437,3.0485005328,,40.75534764484126,433343149530.4303,,0.08488365643030975
hbt_bcs_125c_2.50v,hbt_bcs,125.0,2.5,8,1.0,19450000000.0,45,44,21,21,1,0.7057378109920635,46.15394051984126,1.8155653999785233,3.459462927182539,0.71,0.0017435693153,0.7262535797374465,0.7035788320370824,52.786220711269806,155.83152610602673,215.7622796274397,39.790476317640824,2.6266192804625135,13.93973322691809,MSG,0.1301999083318158,0.8628210164928204,180148153206.7787,1.745003527806437,3.0485005328,,40.75534764484126,433343149530.4303,,0.08488365643030975
hbt_bcs_125c_2.50v,hbt_bcs,125.0,2.5,8,1.0,21200000000.0,45,44,21,21,1,0.7057378109920635,46.15394051984126,1.8155653999785233,3.459462927182539,0.71,0.0017435693153,0.7745488417860031,0.75049265772489,56.61941270438618,142.2371081518691,200.21923188808017,39.76956626136706,2.6389071474854586,13.567057986591454,MSG,0.14180936302637182,0.8443674666356568,180148153206.7787,1.745003527806437,3.0485005328,,40.75534764484126,433343149530.4303,,0.08488365643030975
hbt_bcs_125c_2.50v,hbt_bcs,125.0,2.5,8,1.4,17700000000.0,45,45,20,20,0,0.712992053392857,47.448872569444426,1.823141208156413,3.5745379898809517,0.71,0.0018015671469,0.6739100692832151,0.652749498948652,48.679573995509436,176.40090078407195,234.20451385439233,39.4414276193259,2.5954752209363843,14.619688376005042,MSG,0.1189606331602213,0.8841116531019578,186279552633.51154,2.523170813503663,4.4079495209,,41.20327750793649,442723391978.65356,,0.0867537294622359
hbt_bcs_125c_2.50v,hbt_bcs,125.0,2.5,8,1.4,19450000000.0,45,45,20,20,0,0.712992053392857,47.448872569444426,1.823141208156413,3.5745379898809517,0.71,0.0018015671469,0.7208987132766518,0.6983780570194051,52.36382453931874,159.54958218015688,216.53074574171416,39.424788036051915,2.606544046940264,14.211445475521153,MSG,0.12983015132840345,0.8664617841271312,186279552633.51154,2.523170813503663,4.4079495209,,41.20327750793649,442723391978.65356,,0.0867537294622359
hbt_bcs_125c_2.50v,hbt_bcs,125.0,2.5,8,1.4,21200000000.0,45,45,20,20,0,0.712992053392857,47.448872569444426,1.823141208156413,3.5745379898809517,0.71,0.0018015671469,0.7684454564432709,0.7445630307531016,56.132631021666356,145.63766325374428,201.1000367298706,39.40599492297964,2.6185785825794556,13.838617488286413,MSG,0.1407526524403058,0.8483642364379503,186279552633.51154,2.523170813503663,4.4079495209,,41.20327750793649,442723391978.65356,,0.0867537294622359
hbt_bcs_125c_2.75v,hbt_bcs,125.0,2.75,1,0.6,17700000000.0,45,45,22,22,0,0.6976744850158728,43.693698334920626,1.7967659654668737,3.328914733968253,0.71,0.00020972162824,0.6785666377196496,0.6572706443015718,49.04290589790438,1254.3079229716302,1782.8580108516894,308.34017730226907,8.559080322379685,13.86843417379498,MSG,0.12782177412472825,0.9957208701678791,165238349247.36478,0.1260043530448148,1.4303831389,,30.766489455555547,366188130586.4151,,0.10819936862725645
hbt_bcs_125c_2.75v,hbt_bcs,125.0,2.75,1,0.6,19450000000.0,45,45,22,22,0,0.6976744850158728,43.693698334920626,1.7967659654668737,4.231071445396825,0.72,0.00026655750106,0.7252046453237638,0.702560067190927,52.703438898392314,1188.555818840928,1553.7344836824993,280.61743304858635,8.21085798228238,14.300574223239709,MSG,0.13662479350627207,0.994327340871173,192594847589.53857,0.16015882698037678,1.8180996165,,30.766489455555547,366188130586.4151,,0.13752207418753182
hbt_bcs_125c_2.75v,hbt_bcs,125.0,2.75,1,0.6,21200000000.0,45,45,22,22,0,0.6976744850158728,43.693698334920626,1.7967659654668737,4.231071445396825,0.72,0.00026655750106,0.77244858278652,0.7484521646045101,56.45182721329586,1085.2809759908114,1444.8146150347782,280.5061346560359,8.210321246385659,13.92771953323104,MSG,0.14886977014109196,0.9934710154892131,192594847589.53857,0.16015882698037678,1.8180996165,,30.766489455555547,366188130586.4151,,0.13752207418753182
hbt_bcs_125c_2.75v,hbt_bcs,125.0,2.75,1,1.0,17700000000.0,45,45,21,21,0,0.7032096907460316,43.28662577460316,1.789268886543522,3.412074404126983,0.71,0.00021496068746,0.6679709953292945,0.6469833508049061,48.216738661305264,1310.398613469149,1815.9860186765372,306.1963387995105,8.532884407918374,14.304553362992928,MSG,0.11916762371597397,0.9960423253159111,172153697373.47687,0.2151368434592236,2.4422024195,,38.34203359841269,416328219487.34766,,0.08899043905350494
hbt_bcs_125c_2.75v,hbt_bcs,125.0,2.75,1,1.0,19450000000.0,45,45,21,21,0,0.7032096907460316,43.28662577460316,1.789268886543522,4.356953143809523,0.72,0.00027448804806,0.7153538238840971,0.6929929217451012,51.92698772593184,1241.3607360135204,1577.3222625625026,278.6203816189815,8.184414269388414,14.762752346888014,MSG,0.1274226899375913,0.9947451252679002,201634775779.4006,0.27472036196868,3.1185856153,,38.34203359841269,416328219487.34766,,0.11363385649919976
hbt_bcs_125c_2.75v,hbt_bcs,125.0,2.75,1,1.0,21200000000.0,45,45,21,21,0,0.7032096907460316,43.28662577460316,1.789268886543522,4.356953143809523,0.72,0.00027448804806,0.7611883902341283,0.7375128762373466,55.554725938059796,1133.6907276406628,1468.761197395525,278.5251922187585,8.184043360433046,14.389665555401287,MSG,0.1388452856627881,0.9939615281770555,201634775779.4006,0.27472036196868,3.1185856153,,38.34203359841269,416328219487.34766,,0.11363385649919976
hbt_bcs_125c_2.75v,hbt_bcs,125.0,2.75,1,1.4,17700000000.0,45,45,20,20,0,0.7093555439523808,42.81547659206348,1.7807368153452072,3.502621035873015,0.71,0.00022066512526,0.6629321861420902,0.6420914348854523,47.82455745090572,1339.8807502867458,1823.5972083667293,303.8492127545743,8.50394670296194,14.555511823997563,MSG,0.11921756776258156,0.9961496309027718,176825897229.435,0.3090494298163996,3.5082844903,,42.81547659206348,426572236475.2327,upper,0.08180735833552022
hbt_bcs_125c_2.75v,hbt_bcs,125.0,2.75,1,1.4,19450000000.0,45,45,20,20,0,0.7093555439523808,42.81547659206348,1.7807368153452072,3.502621035873015,0.71,0.00022066512526,0.7097137864894155,0.6875155831255064,51.48322677747455,1211.510132833105,1684.417088479709,303.72576623489897,8.503191170746017,14.147312023548558,MSG,0.1301686608619972,0.9955316822051611,176825897229.435,0.3090494298163996,3.5082844903,,42.81547659206348,426572236475.2327,upper,0.08180735833552022
hbt_bcs_125c_2.75v,hbt_bcs,125.0,2.75,1,1.4,21200000000.0,45,45,20,20,0,0.7093555439523808,42.81547659206348,1.7807368153452072,3.502621035873015,0.71,0.00022066512526,0.7570414955524916,0.733484367694091,55.22492779717005,1105.6253912231616,1563.2387473118288,303.58847747853144,8.50233625051523,13.774529923964263,MSG,0.14117404131504188,0.994861608387535,176825897229.435,0.3090494298163996,3.5082844903,,42.81547659206348,426572236475.2327,upper,0.08180735833552022
hbt_bcs_125c_2.75v,hbt_bcs,125.0,2.75,4,0.6,17700000000.0,45,45,22,22,0,0.6986251026190474,44.649118579365066,1.805568703462379,3.3457997167063485,0.71,0.00084314152861,0.685286110478221,0.6637949485909244,49.56788445505891,324.0547073555444,454.6704600125724,79.17194729156701,4.153909895354955,13.883774163988312,MSG,0.1273373141381293,0.9685469489631902,169866087367.64954,0.5065748304243589,1.6514289931,,31.359627848412693,376124381638.66504,,0.10669130810095695
hbt_bcs_125c_2.75v,hbt_bcs,125.0,2.75,4,0.6,19450000000.0,45,45,22,22,0,0.6986251026190474,44.649118579365066,1.805568703462379,4.256833507142856,0.72,0.0010727220438,0.7334231218968595,0.7105423524295852,53.352576043689794,306.81842499707506,396.0707686857789,72.20208691219646,3.9197979020522187,14.317888376526913,MSG,0.1363562400561793,0.9564206988302247,198479127192.63467,0.644537652023664,2.1011863213,,31.359627848412693,376124381638.66504,,0.13574247525256652
hbt_bcs_125c_2.75v,hbt_bcs,125.0,2.75,4,0.6,21200000000.0,45,45,22,22,0,0.6986251026190474,44.649118579365066,1.805568703462379,4.256833507142856,0.72,0.0010727220438,0.7809239828339587,0.7566865568877486,57.12859953727119,280.2071259895027,368.44451148566867,72.17143768288513,3.9243986773612565,13.945018254603593,MSG,0.14854260897055743,0.9498706858546336,198479127192.63467,0.644537652023664,2.1011863213,,31.359627848412693,376124381638.66504,,0.13574247525256652
hbt_bcs_125c_2.75v,hbt_bcs,125.0,2.75,4,1.0,17700000000.0,45,45,21,21,0,0.7048330209523808,45.080655027777766,1.805903975490565,3.4423531384920625,0.71,0.0008674729909,0.6746772516364047,0.6534943602782368,48.739407116620725,338.92296420202655,462.8296138235942,78.5465659693431,4.131622247140771,14.33231909835579,MSG,0.11888790891703542,0.9711981650321762,177213364756.28128,0.868185583051212,2.8302767163,,39.853879488095224,427340528386.2222,,0.08637435508681984
hbt_bcs_125c_2.75v,hbt_bcs,125.0,2.75,4,1.0,19450000000.0,45,45,21,21,0,0.7048330209523808,45.080655027777766,1.805903975490565,3.4423531384920625,0.71,0.0008674729909,0.7223598797665952,0.6997971587276461,52.479030863995916,306.4822910969992,427.3431571629595,78.51092811890702,4.135343812030881,13.924226446307028,MSG,0.13056958991475248,0.9664570726069099,177213364756.28128,0.868185583051212,2.8302767163,,39.853879488095224,427340528386.2222,,0.08637435508681984
hbt_bcs_125c_2.75v,hbt_bcs,125.0,2.75,4,1.0,21200000000.0,45,45,21,21,0,0.7048330209523808,45.080655027777766,1.805903975490565,4.40375118174603,0.72,0.0011097452978,0.7698715664999785,0.7459485193841466,56.24631063354478,292.9970910671565,374.18628421257336,71.59316188681464,3.902201311999267,14.421514275541707,MSG,0.13880315847080646,0.9540083348337005,208076728867.66528,1.110687632058032,3.6208308294,,39.853879488095224,427340528386.2222,,0.11049742806246698
hbt_bcs_125c_2.75v,hbt_bcs,125.0,2.75,4,1.4,17700000000.0,45,45,20,20,0,0.7116888881349205,45.661402257936494,1.8072590594295976,3.5484232412301577,0.71,0.00089420265679,0.6699290679298207,0.6488843855613413,48.36926241458422,346.8181403486738,464.2753840749596,77.8661959895328,4.107637304563826,14.59658983437718,MSG,0.11911887167353785,0.9720752074460768,182967268440.24268,1.2523665143143163,4.0827028704,,39.74887494444444,436728435809.97754,,0.08927103587685589
hbt_bcs_125c_2.75v,hbt_bcs,125.0,2.75,4,1.4,19450000000.0,45,45,20,20,0,0.7116888881349205,45.661402257936494,1.8072590594295976,3.5484232412301577,0.71,0.00089420265679,0.7168365962554304,0.694432954473651,52.04374869610021,313.6546719543077,429.1038921113688,77.83377350304161,4.111348257976206,14.18836380902845,MSG,0.1300364495262741,0.9674814141877016,182967268440.24268,1.2523665143143163,4.0827028704,,39.74887494444444,436728435809.97754,,0.08927103587685589
hbt_bcs_125c_2.75v,hbt_bcs,125.0,2.75,4,1.4,21200000000.0,45,45,20,20,0,0.7116888881349205,45.661402257936494,1.8072590594295976,3.5484232412301577,0.71,0.00089420265679,0.764298273230889,0.7405340498819983,55.80225835302904,286.28418669273873,398.42536537132315,77.79733152330286,4.115366051460034,13.815553831690607,MSG,0.14100626681805126,0.9625669490123753,182967268440.24268,1.2523665143143163,4.0827028704,,39.74887494444444,436728435809.97754,,0.08927103587685589
hbt_bcs_125c_2.75v,hbt_bcs,125.0,2.75,8,0.6,17700000000.0,45,45,22,22,0,0.6991539088095237,45.19956795039682,1.810561493499694,3.3552652527777775,0.71,0.0016910536874,0.6890555901527878,0.6674550712590974,49.86274196332796,164.65201255224733,229.589105449281,40.14747599907755,2.6350601793070894,13.892296413505425,MSG,0.12683591534864452,0.8707128593074908,172265880978.72916,1.016016991316924,1.7749695489,,27.741189873015866,382189846996.6288,,0.1209488586515706
hbt_bcs_125c_2.75v,hbt_bcs,125.0,2.75,8,0.6,19450000000.0,45,45,22,22,0,0.6991539088095237,45.19956795039682,1.810561493499694,4.271304375992062,0.72,0.0021527374055,0.7379498081254972,0.7149391312159676,53.7106417634118,155.84140466548186,199.95541832756606,36.647451232242695,2.477223168781408,14.32751973575919,MSG,0.1359270933965587,0.8225309030459518,201575406720.43332,1.293459311387784,2.2596578613,,27.741189873015866,382189846996.6288,,0.1539697610500407
hbt_bcs_125c_2.75v,hbt_bcs,125.0,2.75,8,0.6,21200000000.0,45,45,22,22,0,0.6991539088095237,45.19956795039682,1.810561493499694,4.271304375992062,0.72,0.0021527374055,0.7855925318214719,0.7612225453608901,57.501954091690614,142.33723973309432,186.0431420368471,36.6312172121227,2.4902225869186747,13.954639062276913,MSG,0.14804540003686154,0.7999669417909139,201575406720.43332,1.293459311387784,2.2596578613,,27.741189873015866,382189846996.6288,,0.1539697610500407
hbt_bcs_125c_2.75v,hbt_bcs,125.0,2.75,8,1.0,17700000000.0,45,44,21,21,1,0.7057378109920635,46.15394051984126,1.8155653999785233,3.459462927182539,0.71,0.0017435693153,0.6784723344154302,0.6571790821430392,49.035543953301925,172.31046480207263,233.62134848333906,39.808987222268804,2.6153130749144933,14.347838303046226,MSG,0.11857958072093353,0.8808499686907367,180148153206.7787,1.745003527806437,3.0485005328,,40.75534764484126,433343149530.4303,,0.08488365643030975
hbt_bcs_125c_2.75v,hbt_bcs,125.0,2.75,8,1.0,19450000000.0,45,44,21,21,1,0.7057378109920635,46.15394051984126,1.8155653999785233,3.459462927182539,0.71,0.0017435693153,0.7262535797374465,0.7035788320370824,52.786220711269806,155.83152610602673,215.7622796274397,39.790476317640824,2.6266192804625135,13.93973322691809,MSG,0.1301999083318158,0.8628210164928204,180148153206.7787,1.745003527806437,3.0485005328,,40.75534764484126,433343149530.4303,,0.08488365643030975
hbt_bcs_125c_2.75v,hbt_bcs,125.0,2.75,8,1.0,21200000000.0,45,44,21,21,1,0.7057378109920635,46.15394051984126,1.8155653999785233,3.459462927182539,0.71,0.0017435693153,0.7745488417860031,0.75049265772489,56.61941270438618,142.2371081518691,200.21923188808017,39.76956626136706,2.6389071474854586,13.567057986591454,MSG,0.14180936302637182,0.8443674666356568,180148153206.7787,1.745003527806437,3.0485005328,,40.75534764484126,433343149530.4303,,0.08488365643030975
hbt_bcs_125c_2.75v,hbt_bcs,125.0,2.75,8,1.4,17700000000.0,45,45,20,20,0,0.712992053392857,47.448872569444426,1.823141208156413,3.5745379898809517,0.71,0.0018015671469,0.6739100692832151,0.652749498948652,48.679573995509436,176.40090078407195,234.20451385439233,39.4414276193259,2.5954752209363843,14.619688376005042,MSG,0.1189606331602213,0.8841116531019578,186279552633.51154,2.523170813503663,4.4079495209,,41.20327750793649,442723391978.65356,,0.0867537294622359
hbt_bcs_125c_2.75v,hbt_bcs,125.0,2.75,8,1.4,19450000000.0,45,45,20,20,0,0.712992053392857,47.448872569444426,1.823141208156413,3.5745379898809517,0.71,0.0018015671469,0.7208987132766518,0.6983780570194051,52.36382453931874,159.54958218015688,216.53074574171416,39.424788036051915,2.606544046940264,14.211445475521153,MSG,0.12983015132840345,0.8664617841271312,186279552633.51154,2.523170813503663,4.4079495209,,41.20327750793649,442723391978.65356,,0.0867537294622359
hbt_bcs_125c_2.75v,hbt_bcs,125.0,2.75,8,1.4,21200000000.0,45,45,20,20,0,0.712992053392857,47.448872569444426,1.823141208156413,3.5745379898809517,0.71,0.0018015671469,0.7684454564432709,0.7445630307531016,56.132631021666356,145.63766325374428,201.1000367298706,39.40599492297964,2.6185785825794556,13.838617488286413,MSG,0.1407526524403058,0.8483642364379503,186279552633.51154,2.523170813503663,4.4079495209,,41.20327750793649,442723391978.65356,,0.0867537294622359
hbt_bcs_27c_2.25v,hbt_bcs,27.0,2.25,1,0.6,17700000000.0,45,45,29,21,0,0.22702108423809522,42.72273067936507,2.2745928099030075,3.790640464761904,0.81,0.00023881034928,0.44548150407331794,0.43114013707578674,31.326207552127293,1410.1626837263677,1795.681022979739,193.77109015012144,6.884636441875845,15.556354664223663,MSG,0.10764961833875347,0.9958539098361183,235309888862.6826,0.14341851431268568,1.6281666107,,33.051067131746024,475203672123.7356,,0.11469041074080599
hbt_bcs_27c_2.25v,hbt_bcs,27.0,2.25,1,0.6,19450000000.0,45,45,29,21,0,0.22702108423809522,42.72273067936507,2.2745928099030075,3.790640464761904,0.81,0.00023881034928,0.47826881257632536,0.46292714359980774,33.761258211873304,1277.1176774034911,1659.0870288402257,193.7172408065714,6.884305908646739,15.147710999129327,MSG,0.11826294044890072,0.9951554818838881,235309888862.6826,0.14341851431268568,1.6281666107,,33.051067131746024,475203672123.7356,,0.11469041074080599
hbt_bcs_27c_2.25v,hbt_bcs,27.0,2.25,1,0.6,21200000000.0,45,45,29,21,0,0.22702108423809522,42.72273067936507,2.2745928099030075,3.790640464761904,0.81,0.00023881034928,0.5114844769123719,0.49513687623625635,36.24693898262365,1167.0017202453712,1540.0657316237073,193.65721619185123,6.88392404033988,14.774445648045212,MSG,0.1288696764047388,0.9943986975057256,235309888862.6826,0.14341851431268568,1.6281666107,,33.051067131746024,475203672123.7356,,0.11469041074080599
hbt_bcs_27c_2.25v,hbt_bcs,27.0,2.25,1,1.0,17700000000.0,45,45,28,20,0,0.22808431758730155,42.07137346666666,2.2658912647928773,3.9184292473015865,0.81,0.00024686104258,0.4420229758033797,0.42778755189971296,31.070419501583178,1460.1364962847672,1809.0545334378521,192.33428041242908,6.858943406343876,15.924477165073514,MSG,0.10228261271320875,0.9960696901259273,245307024225.1474,0.24699872738127338,2.8041705315,,36.64659652063491,506298916974.8203,,0.10692477936103026
hbt_bcs_27c_2.25v,hbt_bcs,27.0,2.25,1,1.0,19450000000.0,45,45,28,20,0,0.22808431758730155,42.07137346666666,2.2658912647928773,3.9184292473015865,0.81,0.00024686104258,0.47408556578672545,0.45887111560729466,33.44955239368484,1322.7193919891477,1673.7344969403755,192.28694259751472,6.858709255155877,15.515706248885209,MSG,0.11236982652214295,0.9954130185488836,245307024225.1474,0.24699872738127338,2.8041705315,,36.64659652063491,506298916974.8203,,0.10692477936103026
hbt_bcs_27c_2.25v,hbt_bcs,27.0,2.25,1,1.0,21200000000.0,45,45,28,20,0,0.22808431758730155,42.07137346666666,2.2658912647928773,3.9184292473015865,0.81,0.00024686104258,0.5066063657908251,0.4904060310368444,35.88069546993905,1208.8621621279594,1555.3362739780366,192.2342319977166,6.858436186209284,15.142301924929765,MSG,0.12245128306875386,0.9947009683426887,245307024225.1474,0.24699872738127338,2.8041705315,,36.64659652063491,506298916974.8203,,0.10692477936103026
hbt_bcs_27c_2.25v,hbt_bcs,27.0,2.25,1,1.4,17700000000.0,45,45,27,19,0,0.22921806179365076,41.32367978730157,2.2559501516535856,2.9129320430158723,0.8,0.00018351471871,0.44093217804091694,0.42673018488166237,30.98978782618536,1396.8789426141843,1947.683808636981,213.93574187951992,7.229154378599007,15.0298190839533,MSG,0.10445176363781516,0.9967721941461346,204271438115.38663,0.256993773629056,2.9175084021,,41.32367978730157,515144461661.1044,upper,0.07049062566569864
hbt_bcs_27c_2.25v,hbt_bcs,27.0,2.25,1,1.4,19450000000.0,45,45,27,19,0,0.22921806179365076,41.32367978730157,2.2559501516535856,4.058772625714285,0.81,0.00025570267542,0.472662100570282,0.45749096719939886,33.34355433018426,1349.7872348425187,1672.7957517276748,190.76643123466525,6.83130644409196,15.76505125852763,MSG,0.11090498043598736,0.9955179236103874,253029705733.6593,0.35809467490315794,4.0656231091,,41.32367978730157,515144461661.1044,upper,0.09821905131888842
hbt_bcs_27c_2.25v,hbt_bcs,27.0,2.25,1,1.4,21200000000.0,45,45,27,19,0,0.22921806179365076,41.32367978730157,2.2559501516535856,4.058772625714285,0.81,0.00025570267542,0.5047831183586761,0.4886378670521771,35.743913525068464,1233.7963453595644,1555.8655220393498,190.7184186497559,6.831108603069285,15.391561897222221,MSG,0.12055825027165606,0.9948240706629666,253029705733.6593,0.35809467490315794,4.0656231091,,41.32367978730157,515144461661.1044,upper,0.09821905131888842
hbt_bcs_27c_2.25v,hbt_bcs,27.0,2.25,4,0.6,17700000000.0,45,45,29,21,0,0.22716579619444438,43.739940999999995,2.2845352516006034,3.816935349325396,0.81,0.00096186770803,0.45004118857508624,0.43556027233371036,31.663747077008292,363.27624895484746,458.0573786440324,49.85520555382822,3.02682970964526,15.576209437313185,MSG,0.10733153790246493,0.963964985424318,243262224036.77985,0.5776546430126255,1.883313296,,33.77432406349206,490533005786.01575,,0.11301293083319662
hbt_bcs_27c_2.25v,hbt_bcs,27.0,2.25,4,0.6,19450000000.0,45,45,29,21,0,0.22716579619444438,43.739940999999995,2.2845352516006034,3.816935349325396,0.81,0.00096186770803,0.48295813746737,0.46747400027634955,34.11103048403259,329.0390364301031,423.39874166277326,49.84070974329291,3.0299257534728596,15.167550079229162,MSG,0.11788983323186956,0.9578207369276981,243262224036.77985,0.5776546430126255,1.883313296,,33.77432406349206,490533005786.01575,,0.11301293083319662
hbt_bcs_27c_2.25v,hbt_bcs,27.0,2.25,4,0.6,21200000000.0,45,45,29,21,0,0.22716579619444438,43.739940999999995,2.2845352516006034,3.816935349325396,0.81,0.00096186770803,0.5163077884317475,0.4998147338294076,36.60947289215241,300.69280386296583,393.159527850371,49.8243852237191,3.033287224129328,14.794268104673982,MSG,0.12844021646543224,0.9512728926570166,243262224036.77985,0.5776546430126255,1.883313296,,33.77432406349206,490533005786.01575,,0.11301293083319662
hbt_bcs_27c_2.25v,hbt_bcs,27.0,2.25,4,1.0,17700000000.0,45,45,28,20,0,0.22832878963888883,43.96507783730158,2.2845471718940855,3.9666519511904754,0.81,0.0009995962917,0.44687115183598086,0.4324872395903928,31.429041392209697,376.48083152031404,460.83031723668626,49.43538702127118,3.0080579972617705,15.960099716763876,MSG,0.10212333173499986,0.966030902705286,254036373785.83545,1.0001559453940732,3.2609064097,,38.21536827182539,521895724367.7448,,0.10379729754207088
hbt_bcs_27c_2.25v,hbt_bcs,27.0,2.25,4,1.0,19450000000.0,45,45,28,20,0,0.22832878963888883,43.96507783730158,2.2845471718940855,3.9666519511904754,0.81,0.0009995962917,0.4790314017024056,0.4636665540502235,33.81811329595735,341.100548530395,426.6169630464501,49.42286541123618,3.011099455660081,15.551305688357653,MSG,0.1121821111862862,0.9602248408162743,254036373785.83545,1.0001559453940732,3.2609064097,,38.21536827182539,521895724367.7448,,0.10379729754207088
hbt_bcs_27c_2.25v,hbt_bcs,27.0,2.25,4,1.0,21200000000.0,45,45,28,20,0,0.22832878963888883,43.96507783730158,2.2845471718940855,3.9666519511904754,0.81,0.0009995962917,0.5116592752948528,0.4953064005845554,36.260070299566124,311.77183650386013,396.62707133968433,49.408773343421835,3.014404809124205,15.177876741590914,MSG,0.12223323393514432,0.9540279773127537,254036373785.83545,1.0001559453940732,3.2609064097,,38.21536827182539,521895724367.7448,,0.10379729754207088
hbt_bcs_27c_2.25v,hbt_bcs,27.0,2.25,4,1.4,17700000000.0,45,45,27,19,0,0.2295651713333333,44.33392547222221,2.2858301874868694,2.9541878151587295,0.8,0.00074445532942,0.4445081628280811,0.4301966033602522,31.254199958494915,361.0326260335227,496.65754165733114,54.794170933877346,3.2345957762680166,15.07392577483489,MSG,0.10409124761447283,0.9737497870557366,211405579396.33185,1.042536002313392,3.3988548375,,37.747166497619034,529591573420.12317,,0.0782625052226124
hbt_bcs_27c_2.25v,hbt_bcs,27.0,2.25,4,1.4,19450000000.0,45,45,27,19,0,0.2295651713333333,44.33392547222221,2.2858301874868694,4.133538192063491,0.81,0.0010416516244,0.4780798335497398,0.46274390914618135,33.7471703616222,348.31176457432036,425.6371872098756,48.977676467813716,2.9912504281495735,15.818128857694258,MSG,0.11088772791034575,0.9610304630180462,262616557366.16946,1.4587680499256157,4.7562857301,,37.747166497619034,529591573420.12317,,0.1095059199297574
hbt_bcs_27c_2.25v,hbt_bcs,27.0,2.25,4,1.4,21200000000.0,45,45,27,19,0,0.2295651713333333,44.33392547222221,2.2858301874868694,4.133538192063491,0.81,0.0010416516244,0.5102884466649465,0.49397693825639216,36.157104204981145,318.42419798925414,396.1307642482821,48.96503766621161,2.994553431377138,15.444608028892748,MSG,0.12052990111695763,0.9549430132397336,262616557366.16946,1.4587680499256157,4.7562857301,,37.747166497619034,529591573420.12317,,0.1095059199297574
hbt_bcs_27c_2.25v,hbt_bcs,27.0,2.25,8,0.6,17700000000.0,45,45,29,21,0,0.22724616492063487,44.32395217658729,2.290141914959471,3.8317156700396815,0.81,0.0019311846977,0.4525903341281376,0.438031463107187,31.85260704111955,184.33873708082425,231.3256785300933,25.303265073433245,1.829172434174268,15.587264023840666,MSG,0.10695434863510823,0.8403720099169603,247478857663.73697,1.159784265642942,2.0262211874,,34.18812303373015,499336587893.8158,,0.11207739208903905
hbt_bcs_27c_2.25v,hbt_bcs,27.0,2.25,8,0.6,19450000000.0,45,45,29,21,0,0.22724616492063487,44.32395217658729,2.290141914959471,3.8317156700396815,0.81,0.0019311846977,0.48558433487712094,0.4700204752894761,34.30708108841672,166.97497805640893,213.86922993992664,25.295678204047338,1.8374626416500826,15.178594727730328,MSG,0.11744989930344416,0.8169997131330711,247478857663.73697,1.159784265642942,2.0262211874,,34.18812303373015,499336587893.8158,,0.11207739208903905
hbt_bcs_27c_2.25v,hbt_bcs,27.0,2.25,8,0.6,21200000000.0,45,45,29,21,0,0.22724616492063487,44.32395217658729,2.290141914959471,3.8317156700396815,0.81,0.0019311846977,0.5190129285025131,0.5024383650429602,36.81297526947525,152.596473803372,198.62877833535165,25.287111602230055,1.8464916466239465,14.805302093411923,MSG,0.12793837916507067,0.7934613083579862,247478857663.73697,1.159784265642942,2.0262211874,,34.18812303373015,499336587893.8158,,0.11207739208903905
hbt_bcs_27c_2.25v,hbt_bcs,27.0,2.25,8,1.0,17700000000.0,45,45,28,20,0,0.22846469650793647,45.10659748809522,2.2954209680686115,2.875556880555555,0.8,0.0014492806678,0.44932064483396267,0.43486177140186366,31.610383844557404,179.32848274110077,250.06753945278368,28.00575462021011,1.980673411585148,14.845166073937499,MSG,0.10532698331362528,0.8802063360760763,208586192967.53018,1.450069523979096,2.533331152,,39.15591620039681,530571469444.8532,,0.07343863098078686
hbt_bcs_27c_2.25v,hbt_bcs,27.0,2.25,8,1.0,19450000000.0,45,45,28,20,0,0.22846469650793647,45.10659748809522,2.2954209680686115,3.994057304166666,0.81,0.0020130048813,0.4818288616915587,0.4663790198361292,34.02676435385214,173.1815270844842,215.3401999852018,25.06938158210493,1.8225788709272142,15.571263140014489,MSG,0.11191136487251833,0.8256707497401732,258674774732.34286,2.014134362720184,3.5189107888,,39.15591620039681,530571469444.8532,,0.10200392920766824
hbt_bcs_27c_2.25v,hbt_bcs,27.0,2.25,8,1.0,21200000000.0,45,45,28,20,0,0.22846469650793647,45.10659748809522,2.2954209680686115,3.994057304166666,0.81,0.0020130048813,0.5145228940434674,0.49808364724942267,36.475268185255864,158.29933598975848,200.25172545900168,25.062079384843614,1.8312743954224784,15.197818888527186,MSG,0.12191721121621173,0.8028834467559407,258674774732.34286,2.014134362720184,3.5189107888,,39.15591620039681,530571469444.8532,,0.10200392920766824
hbt_bcs_27c_2.25v,hbt_bcs,27.0,2.25,8,1.4,17700000000.0,45,45,27,19,0,0.22975827349206346,46.26635755357142,2.303994150727826,2.977801281944444,0.8,0.0015008118461,0.44661028605937203,0.43223435943528343,31.409734833695683,183.50695905879962,250.74131302209585,27.745539106061635,1.964917337164447,15.098806906936256,MSG,0.10379969376216351,0.8828437386546708,215169812710.79227,2.101740425334936,3.6723328895,,39.273587662698404,538002373335.37726,,0.07582198263930762
hbt_bcs_27c_2.25v,hbt_bcs,27.0,2.25,8,1.4,19450000000.0,45,45,27,19,0,0.22975827349206346,46.26635755357142,2.303994150727826,2.977801281944444,0.8,0.0015008118461,0.48044330902465454,0.465035557273933,33.92340486912664,166.09873907726865,231.01345749564317,27.73539083447378,1.97288890296723,14.690320440931345,MSG,0.11371004693565234,0.8645807103053792,215169812710.79227,2.101740425334936,3.6723328895,,39.273587662698404,538002373335.37726,,0.07582198263930762
hbt_bcs_27c_2.25v,hbt_bcs,27.0,2.25,8,1.4,21200000000.0,45,45,27,19,0,0.22975827349206346,46.26635755357142,2.303994150727826,4.176582840873014,0.81,0.0021049977518,0.5134391654840917,0.49703259946917216,36.39381045416946,161.73853000294653,199.81147887607534,24.82133446325445,1.816223691251054,15.4745761932923,MSG,0.12037089619201874,0.8055610242174025,267740447530.632,2.947922401860588,5.1504186752,,39.273587662698404,538002373335.37726,,0.10634584435584639
hbt_bcs_27c_2.50v,hbt_bcs,27.0,2.5,1,0.6,17700000000.0,45,45,29,21,0,0.22702108423809522,42.72273067936507,2.2745928099030075,3.790640464761904,0.81,0.00023881034928,0.44548150407331794,0.43114013707578674,31.326207552127293,1410.1626837263677,1795.681022979739,193.77109015012144,6.884636441875845,15.556354664223663,MSG,0.10764961833875347,0.9958539098361183,235309888862.6826,0.14341851431268568,1.6281666107,,33.051067131746024,475203672123.7356,,0.11469041074080599
hbt_bcs_27c_2.50v,hbt_bcs,27.0,2.5,1,0.6,19450000000.0,45,45,29,21,0,0.22702108423809522,42.72273067936507,2.2745928099030075,3.790640464761904,0.81,0.00023881034928,0.47826881257632536,0.46292714359980774,33.761258211873304,1277.1176774034911,1659.0870288402257,193.7172408065714,6.884305908646739,15.147710999129327,MSG,0.11826294044890072,0.9951554818838881,235309888862.6826,0.14341851431268568,1.6281666107,,33.051067131746024,475203672123.7356,,0.11469041074080599
hbt_bcs_27c_2.50v,hbt_bcs,27.0,2.5,1,0.6,21200000000.0,45,45,29,21,0,0.22702108423809522,42.72273067936507,2.2745928099030075,3.790640464761904,0.81,0.00023881034928,0.5114844769123719,0.49513687623625635,36.24693898262365,1167.0017202453712,1540.0657316237073,193.65721619185123,6.88392404033988,14.774445648045212,MSG,0.1288696764047388,0.9943986975057256,235309888862.6826,0.14341851431268568,1.6281666107,,33.051067131746024,475203672123.7356,,0.11469041074080599
hbt_bcs_27c_2.50v,hbt_bcs,27.0,2.5,1,1.0,17700000000.0,45,45,28,20,0,0.22808431758730155,42.07137346666666,2.2658912647928773,3.9184292473015865,0.81,0.00024686104258,0.4420229758033797,0.42778755189971296,31.070419501583178,1460.1364962847672,1809.0545334378521,192.33428041242908,6.858943406343876,15.924477165073514,MSG,0.10228261271320875,0.9960696901259273,245307024225.1474,0.24699872738127338,2.8041705315,,36.64659652063491,506298916974.8203,,0.10692477936103026
hbt_bcs_27c_2.50v,hbt_bcs,27.0,2.5,1,1.0,19450000000.0,45,45,28,20,0,0.22808431758730155,42.07137346666666,2.2658912647928773,3.9184292473015865,0.81,0.00024686104258,0.47408556578672545,0.45887111560729466,33.44955239368484,1322.7193919891477,1673.7344969403755,192.28694259751472,6.858709255155877,15.515706248885209,MSG,0.11236982652214295,0.9954130185488836,245307024225.1474,0.24699872738127338,2.8041705315,,36.64659652063491,506298916974.8203,,0.10692477936103026
hbt_bcs_27c_2.50v,hbt_bcs,27.0,2.5,1,1.0,21200000000.0,45,45,28,20,0,0.22808431758730155,42.07137346666666,2.2658912647928773,3.9184292473015865,0.81,0.00024686104258,0.5066063657908251,0.4904060310368444,35.88069546993905,1208.8621621279594,1555.3362739780366,192.2342319977166,6.858436186209284,15.142301924929765,MSG,0.12245128306875386,0.9947009683426887,245307024225.1474,0.24699872738127338,2.8041705315,,36.64659652063491,506298916974.8203,,0.10692477936103026
hbt_bcs_27c_2.50v,hbt_bcs,27.0,2.5,1,1.4,17700000000.0,45,45,27,19,0,0.22921806179365076,41.32367978730157,2.2559501516535856,2.9129320430158723,0.8,0.00018351471871,0.44093217804091694,0.42673018488166237,30.98978782618536,1396.8789426141843,1947.683808636981,213.93574187951992,7.229154378599007,15.0298190839533,MSG,0.10445176363781516,0.9967721941461346,204271438115.38663,0.256993773629056,2.9175084021,,41.32367978730157,515144461661.1044,upper,0.07049062566569864
hbt_bcs_27c_2.50v,hbt_bcs,27.0,2.5,1,1.4,19450000000.0,45,45,27,19,0,0.22921806179365076,41.32367978730157,2.2559501516535856,4.058772625714285,0.81,0.00025570267542,0.472662100570282,0.45749096719939886,33.34355433018426,1349.7872348425187,1672.7957517276748,190.76643123466525,6.83130644409196,15.76505125852763,MSG,0.11090498043598736,0.9955179236103874,253029705733.6593,0.35809467490315794,4.0656231091,,41.32367978730157,515144461661.1044,upper,0.09821905131888842
hbt_bcs_27c_2.50v,hbt_bcs,27.0,2.5,1,1.4,21200000000.0,45,45,27,19,0,0.22921806179365076,41.32367978730157,2.2559501516535856,4.058772625714285,0.81,0.00025570267542,0.5047831183586761,0.4886378670521771,35.743913525068464,1233.7963453595644,1555.8655220393498,190.7184186497559,6.831108603069285,15.391561897222221,MSG,0.12055825027165606,0.9948240706629666,253029705733.6593,0.35809467490315794,4.0656231091,,41.32367978730157,515144461661.1044,upper,0.09821905131888842
hbt_bcs_27c_2.50v,hbt_bcs,27.0,2.5,4,0.6,17700000000.0,45,45,29,21,0,0.22716579619444438,43.739940999999995,2.2845352516006034,3.816935349325396,0.81,0.00096186770803,0.45004118857508624,0.43556027233371036,31.663747077008292,363.27624895484746,458.0573786440324,49.85520555382822,3.02682970964526,15.576209437313185,MSG,0.10733153790246493,0.963964985424318,243262224036.77985,0.5776546430126255,1.883313296,,33.77432406349206,490533005786.01575,,0.11301293083319662
hbt_bcs_27c_2.50v,hbt_bcs,27.0,2.5,4,0.6,19450000000.0,45,45,29,21,0,0.22716579619444438,43.739940999999995,2.2845352516006034,3.816935349325396,0.81,0.00096186770803,0.48295813746737,0.46747400027634955,34.11103048403259,329.0390364301031,423.39874166277326,49.84070974329291,3.0299257534728596,15.167550079229162,MSG,0.11788983323186956,0.9578207369276981,243262224036.77985,0.5776546430126255,1.883313296,,33.77432406349206,490533005786.01575,,0.11301293083319662
hbt_bcs_27c_2.50v,hbt_bcs,27.0,2.5,4,0.6,21200000000.0,45,45,29,21,0,0.22716579619444438,43.739940999999995,2.2845352516006034,3.816935349325396,0.81,0.00096186770803,0.5163077884317475,0.4998147338294076,36.60947289215241,300.69280386296583,393.159527850371,49.8243852237191,3.033287224129328,14.794268104673982,MSG,0.12844021646543224,0.9512728926570166,243262224036.77985,0.5776546430126255,1.883313296,,33.77432406349206,490533005786.01575,,0.11301293083319662
hbt_bcs_27c_2.50v,hbt_bcs,27.0,2.5,4,1.0,17700000000.0,45,45,28,20,0,0.22832878963888883,43.96507783730158,2.2845471718940855,3.9666519511904754,0.81,0.0009995962917,0.44687115183598086,0.4324872395903928,31.429041392209697,376.48083152031404,460.83031723668626,49.43538702127118,3.0080579972617705,15.960099716763876,MSG,0.10212333173499986,0.966030902705286,254036373785.83545,1.0001559453940732,3.2609064097,,38.21536827182539,521895724367.7448,,0.10379729754207088
hbt_bcs_27c_2.50v,hbt_bcs,27.0,2.5,4,1.0,19450000000.0,45,45,28,20,0,0.22832878963888883,43.96507783730158,2.2845471718940855,3.9666519511904754,0.81,0.0009995962917,0.4790314017024056,0.4636665540502235,33.81811329595735,341.100548530395,426.6169630464501,49.42286541123618,3.011099455660081,15.551305688357653,MSG,0.1121821111862862,0.9602248408162743,254036373785.83545,1.0001559453940732,3.2609064097,,38.21536827182539,521895724367.7448,,0.10379729754207088
hbt_bcs_27c_2.50v,hbt_bcs,27.0,2.5,4,1.0,21200000000.0,45,45,28,20,0,0.22832878963888883,43.96507783730158,2.2845471718940855,3.9666519511904754,0.81,0.0009995962917,0.5116592752948528,0.4953064005845554,36.260070299566124,311.77183650386013,396.62707133968433,49.408773343421835,3.014404809124205,15.177876741590914,MSG,0.12223323393514432,0.9540279773127537,254036373785.83545,1.0001559453940732,3.2609064097,,38.21536827182539,521895724367.7448,,0.10379729754207088
hbt_bcs_27c_2.50v,hbt_bcs,27.0,2.5,4,1.4,17700000000.0,45,45,27,19,0,0.2295651713333333,44.33392547222221,2.2858301874868694,2.9541878151587295,0.8,0.00074445532942,0.4445081628280811,0.4301966033602522,31.254199958494915,361.0326260335227,496.65754165733114,54.794170933877346,3.2345957762680166,15.07392577483489,MSG,0.10409124761447283,0.9737497870557366,211405579396.33185,1.042536002313392,3.3988548375,,37.747166497619034,529591573420.12317,,0.0782625052226124
hbt_bcs_27c_2.50v,hbt_bcs,27.0,2.5,4,1.4,19450000000.0,45,45,27,19,0,0.2295651713333333,44.33392547222221,2.2858301874868694,4.133538192063491,0.81,0.0010416516244,0.4780798335497398,0.46274390914618135,33.7471703616222,348.31176457432036,425.6371872098756,48.977676467813716,2.9912504281495735,15.818128857694258,MSG,0.11088772791034575,0.9610304630180462,262616557366.16946,1.4587680499256157,4.7562857301,,37.747166497619034,529591573420.12317,,0.1095059199297574
hbt_bcs_27c_2.50v,hbt_bcs,27.0,2.5,4,1.4,21200000000.0,45,45,27,19,0,0.2295651713333333,44.33392547222221,2.2858301874868694,4.133538192063491,0.81,0.0010416516244,0.5102884466649465,0.49397693825639216,36.157104204981145,318.42419798925414,396.1307642482821,48.96503766621161,2.994553431377138,15.444608028892748,MSG,0.12052990111695763,0.9549430132397336,262616557366.16946,1.4587680499256157,4.7562857301,,37.747166497619034,529591573420.12317,,0.1095059199297574
hbt_bcs_27c_2.50v,hbt_bcs,27.0,2.5,8,0.6,17700000000.0,45,45,29,21,0,0.22724616492063487,44.32395217658729,2.290141914959471,3.8317156700396815,0.81,0.0019311846977,0.4525903341281376,0.438031463107187,31.85260704111955,184.33873708082425,231.3256785300933,25.303265073433245,1.829172434174268,15.587264023840666,MSG,0.10695434863510823,0.8403720099169603,247478857663.73697,1.159784265642942,2.0262211874,,34.18812303373015,499336587893.8158,,0.11207739208903905
hbt_bcs_27c_2.50v,hbt_bcs,27.0,2.5,8,0.6,19450000000.0,45,45,29,21,0,0.22724616492063487,44.32395217658729,2.290141914959471,3.8317156700396815,0.81,0.0019311846977,0.48558433487712094,0.4700204752894761,34.30708108841672,166.97497805640893,213.86922993992664,25.295678204047338,1.8374626416500826,15.178594727730328,MSG,0.11744989930344416,0.8169997131330711,247478857663.73697,1.159784265642942,2.0262211874,,34.18812303373015,499336587893.8158,,0.11207739208903905
hbt_bcs_27c_2.50v,hbt_bcs,27.0,2.5,8,0.6,21200000000.0,45,45,29,21,0,0.22724616492063487,44.32395217658729,2.290141914959471,3.8317156700396815,0.81,0.0019311846977,0.5190129285025131,0.5024383650429602,36.81297526947525,152.596473803372,198.62877833535165,25.287111602230055,1.8464916466239465,14.805302093411923,MSG,0.12793837916507067,0.7934613083579862,247478857663.73697,1.159784265642942,2.0262211874,,34.18812303373015,499336587893.8158,,0.11207739208903905
hbt_bcs_27c_2.50v,hbt_bcs,27.0,2.5,8,1.0,17700000000.0,45,45,28,20,0,0.22846469650793647,45.10659748809522,2.2954209680686115,2.875556880555555,0.8,0.0014492806678,0.44932064483396267,0.43486177140186366,31.610383844557404,179.32848274110077,250.06753945278368,28.00575462021011,1.980673411585148,14.845166073937499,MSG,0.10532698331362528,0.8802063360760763,208586192967.53018,1.450069523979096,2.533331152,,39.15591620039681,530571469444.8532,,0.07343863098078686
hbt_bcs_27c_2.50v,hbt_bcs,27.0,2.5,8,1.0,19450000000.0,45,45,28,20,0,0.22846469650793647,45.10659748809522,2.2954209680686115,3.994057304166666,0.81,0.0020130048813,0.4818288616915587,0.4663790198361292,34.02676435385214,173.1815270844842,215.3401999852018,25.06938158210493,1.8225788709272142,15.571263140014489,MSG,0.11191136487251833,0.8256707497401732,258674774732.34286,2.014134362720184,3.5189107888,,39.15591620039681,530571469444.8532,,0.10200392920766824
hbt_bcs_27c_2.50v,hbt_bcs,27.0,2.5,8,1.0,21200000000.0,45,45,28,20,0,0.22846469650793647,45.10659748809522,2.2954209680686115,3.994057304166666,0.81,0.0020130048813,0.5145228940434674,0.49808364724942267,36.475268185255864,158.29933598975848,200.25172545900168,25.062079384843614,1.8312743954224784,15.197818888527186,MSG,0.12191721121621173,0.8028834467559407,258674774732.34286,2.014134362720184,3.5189107888,,39.15591620039681,530571469444.8532,,0.10200392920766824
hbt_bcs_27c_2.50v,hbt_bcs,27.0,2.5,8,1.4,17700000000.0,45,45,27,19,0,0.22975827349206346,46.26635755357142,2.303994150727826,2.977801281944444,0.8,0.0015008118461,0.44661028605937203,0.43223435943528343,31.409734833695683,183.50695905879962,250.74131302209585,27.745539106061635,1.964917337164447,15.098806906936256,MSG,0.10379969376216351,0.8828437386546708,215169812710.79227,2.101740425334936,3.6723328895,,39.273587662698404,538002373335.37726,,0.07582198263930762
hbt_bcs_27c_2.50v,hbt_bcs,27.0,2.5,8,1.4,19450000000.0,45,45,27,19,0,0.22975827349206346,46.26635755357142,2.303994150727826,2.977801281944444,0.8,0.0015008118461,0.48044330902465454,0.465035557273933,33.92340486912664,166.09873907726865,231.01345749564317,27.73539083447378,1.97288890296723,14.690320440931345,MSG,0.11371004693565234,0.8645807103053792,215169812710.79227,2.101740425334936,3.6723328895,,39.273587662698404,538002373335.37726,,0.07582198263930762
hbt_bcs_27c_2.50v,hbt_bcs,27.0,2.5,8,1.4,21200000000.0,45,45,27,19,0,0.22975827349206346,46.26635755357142,2.303994150727826,4.176582840873014,0.81,0.0021049977518,0.5134391654840917,0.49703259946917216,36.39381045416946,161.73853000294653,199.81147887607534,24.82133446325445,1.816223691251054,15.4745761932923,MSG,0.12037089619201874,0.8055610242174025,267740447530.632,2.947922401860588,5.1504186752,,39.273587662698404,538002373335.37726,,0.10634584435584639
hbt_bcs_27c_2.75v,hbt_bcs,27.0,2.75,1,0.6,17700000000.0,45,45,29,21,0,0.22702108423809522,42.72273067936507,2.2745928099030075,3.790640464761904,0.81,0.00023881034928,0.44548150407331794,0.43114013707578674,31.326207552127293,1410.1626837263677,1795.681022979739,193.77109015012144,6.884636441875845,15.556354664223663,MSG,0.10764961833875347,0.9958539098361183,235309888862.6826,0.14341851431268568,1.6281666107,,33.051067131746024,475203672123.7356,,0.11469041074080599
hbt_bcs_27c_2.75v,hbt_bcs,27.0,2.75,1,0.6,19450000000.0,45,45,29,21,0,0.22702108423809522,42.72273067936507,2.2745928099030075,3.790640464761904,0.81,0.00023881034928,0.47826881257632536,0.46292714359980774,33.761258211873304,1277.1176774034911,1659.0870288402257,193.7172408065714,6.884305908646739,15.147710999129327,MSG,0.11826294044890072,0.9951554818838881,235309888862.6826,0.14341851431268568,1.6281666107,,33.051067131746024,475203672123.7356,,0.11469041074080599
hbt_bcs_27c_2.75v,hbt_bcs,27.0,2.75,1,0.6,21200000000.0,45,45,29,21,0,0.22702108423809522,42.72273067936507,2.2745928099030075,3.790640464761904,0.81,0.00023881034928,0.5114844769123719,0.49513687623625635,36.24693898262365,1167.0017202453712,1540.0657316237073,193.65721619185123,6.88392404033988,14.774445648045212,MSG,0.1288696764047388,0.9943986975057256,235309888862.6826,0.14341851431268568,1.6281666107,,33.051067131746024,475203672123.7356,,0.11469041074080599
hbt_bcs_27c_2.75v,hbt_bcs,27.0,2.75,1,1.0,17700000000.0,45,45,28,20,0,0.22808431758730155,42.07137346666666,2.2658912647928773,3.9184292473015865,0.81,0.00024686104258,0.4420229758033797,0.42778755189971296,31.070419501583178,1460.1364962847672,1809.0545334378521,192.33428041242908,6.858943406343876,15.924477165073514,MSG,0.10228261271320875,0.9960696901259273,245307024225.1474,0.24699872738127338,2.8041705315,,36.64659652063491,506298916974.8203,,0.10692477936103026
hbt_bcs_27c_2.75v,hbt_bcs,27.0,2.75,1,1.0,19450000000.0,45,45,28,20,0,0.22808431758730155,42.07137346666666,2.2658912647928773,3.9184292473015865,0.81,0.00024686104258,0.47408556578672545,0.45887111560729466,33.44955239368484,1322.7193919891477,1673.7344969403755,192.28694259751472,6.858709255155877,15.515706248885209,MSG,0.11236982652214295,0.9954130185488836,245307024225.1474,0.24699872738127338,2.8041705315,,36.64659652063491,506298916974.8203,,0.10692477936103026
hbt_bcs_27c_2.75v,hbt_bcs,27.0,2.75,1,1.0,21200000000.0,45,45,28,20,0,0.22808431758730155,42.07137346666666,2.2658912647928773,3.9184292473015865,0.81,0.00024686104258,0.5066063657908251,0.4904060310368444,35.88069546993905,1208.8621621279594,1555.3362739780366,192.2342319977166,6.858436186209284,15.142301924929765,MSG,0.12245128306875386,0.9947009683426887,245307024225.1474,0.24699872738127338,2.8041705315,,36.64659652063491,506298916974.8203,,0.10692477936103026
hbt_bcs_27c_2.75v,hbt_bcs,27.0,2.75,1,1.4,17700000000.0,45,45,27,19,0,0.22921806179365076,41.32367978730157,2.2559501516535856,2.9129320430158723,0.8,0.00018351471871,0.44093217804091694,0.42673018488166237,30.98978782618536,1396.8789426141843,1947.683808636981,213.93574187951992,7.229154378599007,15.0298190839533,MSG,0.10445176363781516,0.9967721941461346,204271438115.38663,0.256993773629056,2.9175084021,,41.32367978730157,515144461661.1044,upper,0.07049062566569864
hbt_bcs_27c_2.75v,hbt_bcs,27.0,2.75,1,1.4,19450000000.0,45,45,27,19,0,0.22921806179365076,41.32367978730157,2.2559501516535856,4.058772625714285,0.81,0.00025570267542,0.472662100570282,0.45749096719939886,33.34355433018426,1349.7872348425187,1672.7957517276748,190.76643123466525,6.83130644409196,15.76505125852763,MSG,0.11090498043598736,0.9955179236103874,253029705733.6593,0.35809467490315794,4.0656231091,,41.32367978730157,515144461661.1044,upper,0.09821905131888842
hbt_bcs_27c_2.75v,hbt_bcs,27.0,2.75,1,1.4,21200000000.0,45,45,27,19,0,0.22921806179365076,41.32367978730157,2.2559501516535856,4.058772625714285,0.81,0.00025570267542,0.5047831183586761,0.4886378670521771,35.743913525068464,1233.7963453595644,1555.8655220393498,190.7184186497559,6.831108603069285,15.391561897222221,MSG,0.12055825027165606,0.9948240706629666,253029705733.6593,0.35809467490315794,4.0656231091,,41.32367978730157,515144461661.1044,upper,0.09821905131888842
hbt_bcs_27c_2.75v,hbt_bcs,27.0,2.75,4,0.6,17700000000.0,45,45,29,21,0,0.22716579619444438,43.739940999999995,2.2845352516006034,3.816935349325396,0.81,0.00096186770803,0.45004118857508624,0.43556027233371036,31.663747077008292,363.27624895484746,458.0573786440324,49.85520555382822,3.02682970964526,15.576209437313185,MSG,0.10733153790246493,0.963964985424318,243262224036.77985,0.5776546430126255,1.883313296,,33.77432406349206,490533005786.01575,,0.11301293083319662
hbt_bcs_27c_2.75v,hbt_bcs,27.0,2.75,4,0.6,19450000000.0,45,45,29,21,0,0.22716579619444438,43.739940999999995,2.2845352516006034,3.816935349325396,0.81,0.00096186770803,0.48295813746737,0.46747400027634955,34.11103048403259,329.0390364301031,423.39874166277326,49.84070974329291,3.0299257534728596,15.167550079229162,MSG,0.11788983323186956,0.9578207369276981,243262224036.77985,0.5776546430126255,1.883313296,,33.77432406349206,490533005786.01575,,0.11301293083319662
hbt_bcs_27c_2.75v,hbt_bcs,27.0,2.75,4,0.6,21200000000.0,45,45,29,21,0,0.22716579619444438,43.739940999999995,2.2845352516006034,3.816935349325396,0.81,0.00096186770803,0.5163077884317475,0.4998147338294076,36.60947289215241,300.69280386296583,393.159527850371,49.8243852237191,3.033287224129328,14.794268104673982,MSG,0.12844021646543224,0.9512728926570166,243262224036.77985,0.5776546430126255,1.883313296,,33.77432406349206,490533005786.01575,,0.11301293083319662
hbt_bcs_27c_2.75v,hbt_bcs,27.0,2.75,4,1.0,17700000000.0,45,45,28,20,0,0.22832878963888883,43.96507783730158,2.2845471718940855,3.9666519511904754,0.81,0.0009995962917,0.44687115183598086,0.4324872395903928,31.429041392209697,376.48083152031404,460.83031723668626,49.43538702127118,3.0080579972617705,15.960099716763876,MSG,0.10212333173499986,0.966030902705286,254036373785.83545,1.0001559453940732,3.2609064097,,38.21536827182539,521895724367.7448,,0.10379729754207088
hbt_bcs_27c_2.75v,hbt_bcs,27.0,2.75,4,1.0,19450000000.0,45,45,28,20,0,0.22832878963888883,43.96507783730158,2.2845471718940855,3.9666519511904754,0.81,0.0009995962917,0.4790314017024056,0.4636665540502235,33.81811329595735,341.100548530395,426.6169630464501,49.42286541123618,3.011099455660081,15.551305688357653,MSG,0.1121821111862862,0.9602248408162743,254036373785.83545,1.0001559453940732,3.2609064097,,38.21536827182539,521895724367.7448,,0.10379729754207088
hbt_bcs_27c_2.75v,hbt_bcs,27.0,2.75,4,1.0,21200000000.0,45,45,28,20,0,0.22832878963888883,43.96507783730158,2.2845471718940855,3.9666519511904754,0.81,0.0009995962917,0.5116592752948528,0.4953064005845554,36.260070299566124,311.77183650386013,396.62707133968433,49.408773343421835,3.014404809124205,15.177876741590914,MSG,0.12223323393514432,0.9540279773127537,254036373785.83545,1.0001559453940732,3.2609064097,,38.21536827182539,521895724367.7448,,0.10379729754207088
hbt_bcs_27c_2.75v,hbt_bcs,27.0,2.75,4,1.4,17700000000.0,45,45,27,19,0,0.2295651713333333,44.33392547222221,2.2858301874868694,2.9541878151587295,0.8,0.00074445532942,0.4445081628280811,0.4301966033602522,31.254199958494915,361.0326260335227,496.65754165733114,54.794170933877346,3.2345957762680166,15.07392577483489,MSG,0.10409124761447283,0.9737497870557366,211405579396.33185,1.042536002313392,3.3988548375,,37.747166497619034,529591573420.12317,,0.0782625052226124
hbt_bcs_27c_2.75v,hbt_bcs,27.0,2.75,4,1.4,19450000000.0,45,45,27,19,0,0.2295651713333333,44.33392547222221,2.2858301874868694,4.133538192063491,0.81,0.0010416516244,0.4780798335497398,0.46274390914618135,33.7471703616222,348.31176457432036,425.6371872098756,48.977676467813716,2.9912504281495735,15.818128857694258,MSG,0.11088772791034575,0.9610304630180462,262616557366.16946,1.4587680499256157,4.7562857301,,37.747166497619034,529591573420.12317,,0.1095059199297574
hbt_bcs_27c_2.75v,hbt_bcs,27.0,2.75,4,1.4,21200000000.0,45,45,27,19,0,0.2295651713333333,44.33392547222221,2.2858301874868694,4.133538192063491,0.81,0.0010416516244,0.5102884466649465,0.49397693825639216,36.157104204981145,318.42419798925414,396.1307642482821,48.96503766621161,2.994553431377138,15.444608028892748,MSG,0.12052990111695763,0.9549430132397336,262616557366.16946,1.4587680499256157,4.7562857301,,37.747166497619034,529591573420.12317,,0.1095059199297574
hbt_bcs_27c_2.75v,hbt_bcs,27.0,2.75,8,0.6,17700000000.0,45,45,29,21,0,0.22724616492063487,44.32395217658729,2.290141914959471,3.8317156700396815,0.81,0.0019311846977,0.4525903341281376,0.438031463107187,31.85260704111955,184.33873708082425,231.3256785300933,25.303265073433245,1.829172434174268,15.587264023840666,MSG,0.10695434863510823,0.8403720099169603,247478857663.73697,1.159784265642942,2.0262211874,,34.18812303373015,499336587893.8158,,0.11207739208903905
hbt_bcs_27c_2.75v,hbt_bcs,27.0,2.75,8,0.6,19450000000.0,45,45,29,21,0,0.22724616492063487,44.32395217658729,2.290141914959471,3.8317156700396815,0.81,0.0019311846977,0.48558433487712094,0.4700204752894761,34.30708108841672,166.97497805640893,213.86922993992664,25.295678204047338,1.8374626416500826,15.178594727730328,MSG,0.11744989930344416,0.8169997131330711,247478857663.73697,1.159784265642942,2.0262211874,,34.18812303373015,499336587893.8158,,0.11207739208903905
hbt_bcs_27c_2.75v,hbt_bcs,27.0,2.75,8,0.6,21200000000.0,45,45,29,21,0,0.22724616492063487,44.32395217658729,2.290141914959471,3.8317156700396815,0.81,0.0019311846977,0.5190129285025131,0.5024383650429602,36.81297526947525,152.596473803372,198.62877833535165,25.287111602230055,1.8464916466239465,14.805302093411923,MSG,0.12793837916507067,0.7934613083579862,247478857663.73697,1.159784265642942,2.0262211874,,34.18812303373015,499336587893.8158,,0.11207739208903905
hbt_bcs_27c_2.75v,hbt_bcs,27.0,2.75,8,1.0,17700000000.0,45,45,28,20,0,0.22846469650793647,45.10659748809522,2.2954209680686115,2.875556880555555,0.8,0.0014492806678,0.44932064483396267,0.43486177140186366,31.610383844557404,179.32848274110077,250.06753945278368,28.00575462021011,1.980673411585148,14.845166073937499,MSG,0.10532698331362528,0.8802063360760763,208586192967.53018,1.450069523979096,2.533331152,,39.15591620039681,530571469444.8532,,0.07343863098078686
hbt_bcs_27c_2.75v,hbt_bcs,27.0,2.75,8,1.0,19450000000.0,45,45,28,20,0,0.22846469650793647,45.10659748809522,2.2954209680686115,3.994057304166666,0.81,0.0020130048813,0.4818288616915587,0.4663790198361292,34.02676435385214,173.1815270844842,215.3401999852018,25.06938158210493,1.8225788709272142,15.571263140014489,MSG,0.11191136487251833,0.8256707497401732,258674774732.34286,2.014134362720184,3.5189107888,,39.15591620039681,530571469444.8532,,0.10200392920766824
hbt_bcs_27c_2.75v,hbt_bcs,27.0,2.75,8,1.0,21200000000.0,45,45,28,20,0,0.22846469650793647,45.10659748809522,2.2954209680686115,3.994057304166666,0.81,0.0020130048813,0.5145228940434674,0.49808364724942267,36.475268185255864,158.29933598975848,200.25172545900168,25.062079384843614,1.8312743954224784,15.197818888527186,MSG,0.12191721121621173,0.8028834467559407,258674774732.34286,2.014134362720184,3.5189107888,,39.15591620039681,530571469444.8532,,0.10200392920766824
hbt_bcs_27c_2.75v,hbt_bcs,27.0,2.75,8,1.4,17700000000.0,45,45,27,19,0,0.22975827349206346,46.26635755357142,2.303994150727826,2.977801281944444,0.8,0.0015008118461,0.44661028605937203,0.43223435943528343,31.409734833695683,183.50695905879962,250.74131302209585,27.745539106061635,1.964917337164447,15.098806906936256,MSG,0.10379969376216351,0.8828437386546708,215169812710.79227,2.101740425334936,3.6723328895,,39.273587662698404,538002373335.37726,,0.07582198263930762
hbt_bcs_27c_2.75v,hbt_bcs,27.0,2.75,8,1.4,19450000000.0,45,45,27,19,0,0.22975827349206346,46.26635755357142,2.303994150727826,2.977801281944444,0.8,0.0015008118461,0.48044330902465454,0.465035557273933,33.92340486912664,166.09873907726865,231.01345749564317,27.73539083447378,1.97288890296723,14.690320440931345,MSG,0.11371004693565234,0.8645807103053792,215169812710.79227,2.101740425334936,3.6723328895,,39.273587662698404,538002373335.37726,,0.07582198263930762
hbt_bcs_27c_2.75v,hbt_bcs,27.0,2.75,8,1.4,21200000000.0,45,45,27,19,0,0.22975827349206346,46.26635755357142,2.303994150727826,4.176582840873014,0.81,0.0021049977518,0.5134391654840917,0.49703259946917216,36.39381045416946,161.73853000294653,199.81147887607534,24.82133446325445,1.816223691251054,15.4745761932923,MSG,0.12037089619201874,0.8055610242174025,267740447530.632,2.947922401860588,5.1504186752,,39.273587662698404,538002373335.37726,,0.10634584435584639
hbt_typ_-40c_2.25v,hbt_typ,-40.0,2.25,1,0.6,17700000000.0,45,45,32,16,0,0.21164599496825393,25.723895577777775,2.0847266833409397,3.030125575873015,0.87,0.00019089791128,0.416863537857576,0.40340127469706216,29.21577979088976,1429.7515258555893,1792.8701496066058,180.53842081913646,6.641790364214667,15.09198321230838,MSG,0.1273008388455861,0.9949788115198438,218973642904.1917,0.1146498270506025,1.3015430534,,25.723895577777775,455682195968.5201,upper,0.11779419515645462
hbt_typ_-40c_2.25v,hbt_typ,-40.0,2.25,1,0.6,19450000000.0,45,45,32,16,0,0.21164599496825393,25.723895577777775,2.0847266833409397,3.030125575873015,0.87,0.00019089791128,0.44901304335090664,0.43456358111554017,31.58760567632859,1296.3708375791127,1652.5215331583422,180.4652985374024,6.640992405418115,14.683529266433792,MSG,0.13983995794500265,0.9940962493801303,218973642904.1917,0.1146498270506025,1.3015430534,,25.723895577777775,455682195968.5201,upper,0.11779419515645462
hbt_typ_-40c_2.25v,hbt_typ,-40.0,2.25,1,0.6,21200000000.0,45,45,32,16,0,0.21164599496825393,25.723895577777775,2.0847266833409397,4.3316659503174595,0.88,0.00027289495487,0.48121683927992126,0.4657855877412787,33.98110462818167,1258.7066342484989,1446.9779126081792,165.89329633669715,6.358629166102849,15.376143497560166,MSG,0.14845028410568367,0.9921091754823327,270320326464.84152,0.16389985859035197,1.8605942235,,25.723895577777775,455682195968.5201,upper,0.1683907453760416
hbt_typ_-40c_2.25v,hbt_typ,-40.0,2.25,1,1.0,17700000000.0,45,45,32,16,0,0.212731531031746,27.93392603650793,2.118300113157503,3.1266551299999996,0.87,0.00019697927319,0.41374317484588674,0.4003771047820978,28.98650877634401,1481.583624273233,1808.2144843673454,179.50062221423542,6.62219149269281,15.417976190479418,MSG,0.1216832469552806,0.9952336241381076,227354445919.196,0.19709466054977792,2.2374745663,,27.93392603650793,480195272216.643,upper,0.11193038622332045
hbt_typ_-40c_2.25v,hbt_typ,-40.0,2.25,1,1.0,19450000000.0,45,45,32,16,0,0.212731531031746,27.93392603650793,2.118300113157503,3.1266551299999996,0.87,0.00019697927319,0.44530676119142165,0.43097074502994137,31.31327891953463,1343.6727980074272,1668.5681429142703,179.43545300203505,6.6215284050835965,15.009373408753595,MSG,0.13367494100510757,0.9944000918883927,227354445919.196,0.19709466054977792,2.2374745663,,27.93392603650793,480195272216.643,upper,0.11193038622332045
hbt_typ_-40c_2.25v,hbt_typ,-40.0,2.25,1,1.0,21200000000.0,45,45,32,16,0,0.212731531031746,27.93392603650793,2.118300113157503,3.1266551299999996,0.87,0.00019697927319,0.47719981550310714,0.4618906450270563,33.68157558640233,1229.2749179081452,1547.3314432992324,179.3632779162952,6.620785793845673,14.63615317175317,MSG,0.14565737376526214,0.9934965165447843,227354445919.196,0.19709466054977792,2.2374745663,,27.93392603650793,480195272216.643,upper,0.11193038622332045
hbt_typ_-40c_2.25v,hbt_typ,-40.0,2.25,1,1.4,17700000000.0,45,45,32,16,0,0.21384966641269834,30.64345796507936,2.1562291946134753,3.231691261904761,0.87,0.0002035965495,0.4125468512228824,0.3992176786330865,28.89865167555347,1514.360878981003,1809.9698367621609,178.40155377986133,6.601332325241861,15.647683712296967,MSG,0.1191889929180782,0.9953692856939829,234815112642.42062,0.285138014188398,3.236688999,,30.64345796507936,491584171205.63293,upper,0.10546105030272786
hbt_typ_-40c_2.25v,hbt_typ,-40.0,2.25,1,1.4,19450000000.0,45,45,32,16,0,0.21384966641269834,30.64345796507936,2.1562291946134753,3.231691261904761,0.87,0.0002035965495,0.44373111159130596,0.4294433531316428,31.19672544458536,1373.6701765988228,1671.825263315915,178.34166375609837,6.60076193461196,15.238984529538115,MSG,0.13078126200340723,0.9945596332152085,234815112642.42062,0.285138014188398,3.236688999,,30.64345796507936,491584171205.63293,upper,0.10546105030272786
hbt_typ_-40c_2.25v,hbt_typ,-40.0,2.25,1,1.4,21200000000.0,45,45,32,16,0,0.21384966641269834,30.64345796507936,2.1562291946134753,3.231691261904761,0.87,0.0002035965495,0.47526833650963085,0.4600179044535173,33.53765361906567,1256.8784852311737,1551.5446645902655,178.27537867929925,6.600122883148534,14.86565885656683,MSG,0.14237716651260748,0.9936815018630816,234815112642.42062,0.285138014188398,3.236688999,,30.64345796507936,491584171205.63293,upper,0.10546105030272786
hbt_typ_-40c_2.25v,hbt_typ,-40.0,2.25,4,0.6,17700000000.0,45,45,32,16,0,0.2118024147380952,26.177641314285708,2.0919996055661283,3.050027647857142,0.87,0.00076860696726,0.41894216376583976,0.4054158588572129,29.368599831906604,366.6277577022565,457.9288437730664,46.32180868952589,2.8685039867300017,15.109499147548979,MSG,0.12622853515224128,0.9587184523587231,226387943761.9535,0.4616123437449966,1.5048654324,,26.177641314285708,474813234230.7271,upper,0.11651269918625846
hbt_typ_-40c_2.25v,hbt_typ,-40.0,2.25,4,0.6,19450000000.0,45,45,32,16,0,0.2118024147380952,26.177641314285708,2.0919996055661283,3.050027647857142,0.87,0.00076860696726,0.4510277885029504,0.43651669603538024,31.736828705416624,332.41764560275385,422.24020198690215,46.302164007034776,2.8711265496574163,14.701022191536563,MSG,0.1386265923372041,0.951648524276688,226387943761.9535,0.4616123437449966,1.5048654324,,26.177641314285708,474813234230.7271,upper,0.11651269918625846
hbt_typ_-40c_2.25v,hbt_typ,-40.0,2.25,4,0.6,21200000000.0,45,45,32,16,0,0.2118024147380952,26.177641314285708,2.0919996055661283,3.050027647857142,0.87,0.00076860696726,0.48341906202269075,0.4679209293518097,34.145430796875615,304.06493497616214,391.3260847355358,46.28024607344041,2.8739709864750314,14.327940088934454,MSG,0.15101262368038412,0.9441387548749113,226387943761.9535,0.4616123437449966,1.5048654324,,26.177641314285708,474813234230.7271,upper,0.11651269918625846
hbt_typ_-40c_2.25v,hbt_typ,-40.0,2.25,4,1.0,17700000000.0,45,45,32,16,0,0.2129961464880952,28.867246580952372,2.132033615646349,3.1628611545634913,0.87,0.00079704101095,0.41599617310492487,0.40256064193927804,29.1520329829911,380.28334173100205,461.45744105398165,46.01829420793013,2.854358355079208,15.449040346548465,MSG,0.12079949368794116,0.9609139687164866,236544953292.03363,0.7975096357215837,2.5994501619,,28.867246580952372,499845750671.05023,upper,0.10956573726884151
hbt_typ_-40c_2.25v,hbt_typ,-40.0,2.25,4,1.0,19450000000.0,45,45,32,16,0,0.2129961464880952,28.867246580952372,2.132033615646349,3.1628611545634913,0.87,0.00079704101095,0.4474667211344542,0.43306457906780393,31.473123553821086,344.88370150490215,426.03930498303686,46.001021737362116,2.8569633935993743,15.040406565162813,MSG,0.1326799213966054,0.9541951741623999,236544953292.03363,0.7975096357215837,2.5994501619,,28.867246580952372,499845750671.05023,upper,0.10956573726884151
hbt_typ_-40c_2.25v,hbt_typ,-40.0,2.25,4,1.0,21200000000.0,45,45,32,16,0,0.2129961464880952,28.867246580952372,2.132033615646349,3.1628611545634913,0.87,0.00079704101095,0.4792756801366731,0.4639034085466984,33.836327666544065,315.5162797063036,395.2439231315817,45.98175625463922,2.8597916756373354,14.667153315120434,MSG,0.144548788523943,0.9470474181618185,236544953292.03363,0.7975096357215837,2.5994501619,,28.867246580952372,499845750671.05023,upper,0.10956573726884151
hbt_typ_-40c_2.25v,hbt_typ,-40.0,2.25,4,1.4,17700000000.0,45,45,32,16,0,0.21422567017460312,32.30595535912698,2.1784110784885944,3.287396187341269,0.87,0.00082842383921,0.41512557236361325,0.40171687812911056,29.088061148167235,388.9896760533674,461.30102261700296,45.69596036011971,2.8395265982156186,15.693678638056456,MSG,0.11845397195690528,0.9618864810852258,244820318771.65634,1.1602147025664438,3.7815497821,,32.30595535912698,510361449511.0131,upper,0.10175820992746229
hbt_typ_-40c_2.25v,hbt_typ,-40.0,2.25,4,1.4,19450000000.0,45,45,32,16,0,0.21422567017460312,32.30595535912698,2.1784110784885944,3.287396187341269,0.87,0.00082842383921,0.44619252731918124,0.4318293900916037,31.378819113200908,352.85912572779023,426.37850234277033,45.68028207532188,2.842142197345563,15.284941524667875,MSG,0.1299575303798938,0.9553079337789205,244820318771.65634,1.1602147025664438,3.7815497821,,32.30595535912698,510361449511.0131,upper,0.10175820992746229
hbt_typ_-40c_2.25v,hbt_typ,-40.0,2.25,4,1.4,21200000000.0,45,45,32,16,0,0.21422567017460312,32.30595535912698,2.1784110784885944,3.287396187341269,0.87,0.00082842383921,0.47762582644389684,0.4623037039113517,33.71332792533117,322.8590795572878,395.91132144538784,45.66280499305665,2.8449842397769416,14.91157529443511,MSG,0.14146210259156825,0.9483036190827367,244820318771.65634,1.1602147025664438,3.7815497821,,32.30595535912698,510361449511.0131,upper,0.10175820992746229
hbt_typ_-40c_2.25v,hbt_typ,-40.0,2.25,8,0.6,17700000000.0,45,45,32,16,0,0.2118892979960317,26.4371917281746,2.0961062985167938,3.061209081349206,0.87,0.001542849377,0.4202270667460928,0.406661189274375,29.463102155327675,185.61814384501852,231.40418531032108,23.476709424578033,1.7185958523200973,15.119235159561805,MSG,0.12534309105084632,0.8250307578946685,230902315664.39368,0.9266102838428999,1.618734338,,26.4371917281746,486105653922.6533,upper,0.11579176460284998
hbt_typ_-40c_2.25v,hbt_typ,-40.0,2.25,8,0.6,19450000000.0,45,45,32,16,0,0.2118892979960317,26.4371917281746,2.0961062985167938,3.061209081349206,0.87,0.001542849377,0.4522912654364908,0.43774153786345704,31.830444032393302,168.29644069910685,213.40996055026577,23.466425550493025,1.7262188187261376,14.710744410382176,MSG,0.13762300298769578,0.8000957210378848,230902315664.39368,0.9266102838428999,1.618734338,,26.4371917281746,486105653922.6533,upper,0.11579176460284998
hbt_typ_-40c_2.25v,hbt_typ,-40.0,2.25,8,0.6,21200000000.0,45,45,32,16,0,0.2118892979960317,26.4371917281746,2.0961062985167938,3.061209081349206,0.87,0.001542849377,0.48466279989514005,0.46912690964322684,34.238273257084344,153.94037344114864,197.81463135415626,23.45494395725413,1.7345202846180794,14.337647419364801,MSG,0.14989182711176227,0.77517550496643,230902315664.39368,0.9266102838428999,1.618734338,,26.4371917281746,486105653922.6533,upper,0.11579176460284998
hbt_typ_-40c_2.25v,hbt_typ,-40.0,2.25,8,1.0,17700000000.0,45,45,32,16,0,0.21314328261904758,29.41575638888888,2.13990837013812,3.1834797708333324,0.87,0.0016044738045,0.4174025549517288,0.4039236820071883,29.255401164699165,192.6316865012065,233.0674722516543,23.312204864036246,1.7074864115996224,15.46648359470174,MSG,0.12008812689648941,0.8327727290266733,241473648543.89258,1.605419145612513,2.8044944255,,29.41575638888888,511251205267.9708,upper,0.10822362439865113
hbt_typ_-40c_2.25v,hbt_typ,-40.0,2.25,8,1.0,19450000000.0,45,45,32,16,0,0.21314328261904758,29.41575638888888,2.13990837013812,3.1834797708333324,0.87,0.0016044738045,0.44883767048654405,0.4343935741469449,31.57461987908388,174.69997185391276,215.23641424883658,23.30325525948618,1.7148458552202204,15.057831317074452,MSG,0.13186910735774066,0.8085856165740432,241473648543.89258,1.605419145612513,2.8044944255,,29.41575638888888,511251205267.9708,upper,0.10822362439865113
hbt_typ_-40c_2.25v,hbt_typ,-40.0,2.25,8,1.0,21200000000.0,45,45,32,16,0,0.21314328261904758,29.41575638888888,2.13990837013812,3.1834797708333324,0.87,0.0016044738045,0.4806155750616188,0.4652025895310575,33.93625377931779,159.8229234065793,199.72050790381527,23.29325568661128,1.722862662043179,14.684558166766905,MSG,0.1436393019908003,0.7843300053279186,241473648543.89258,1.605419145612513,2.8044944255,,29.41575638888888,511251205267.9708,upper,0.10822362439865113
hbt_typ_-40c_2.25v,hbt_typ,-40.0,2.25,8,1.4,17700000000.0,45,45,32,16,0,0.21443497089285712,33.326874289682536,2.1914989700779124,3.3194896555555546,0.87,0.0016730227864,0.41674031244719545,0.40328184675196044,29.206722586835298,197.1233064208708,232.80504056149542,23.137166651429876,1.696403712877572,15.719683197381734,MSG,0.11787873310379976,0.8357343673708507,250207197469.4175,2.343086097281057,4.0930471064,,33.326874289682536,521029543607.3654,upper,0.09960399006225482
hbt_typ_-40c_2.25v,hbt_typ,-40.0,2.25,8,1.4,19450000000.0,45,45,32,16,0,0.21443497089285712,33.326874289682536,2.1914989700779124,3.3194896555555546,0.87,0.0016730227864,0.4477594347756787,0.43334833390552485,31.494791510401257,178.8166515053052,215.25756879231585,23.129117492651645,1.7036337391566392,15.310923409019225,MSG,0.12929664438782906,0.8118005178921458,250207197469.4175,2.343086097281057,4.0930471064,,33.326874289682536,521029543607.3654,upper,0.09960399006225482
hbt_typ_-40c_2.25v,hbt_typ,-40.0,2.25,8,1.4,21200000000.0,45,45,32,16,0,0.21443497089285712,33.326874289682536,2.1914989700779124,3.3194896555555546,0.87,0.0016730227864,0.47915185346367584,0.46378334507596386,33.82709452979822,163.61415085716922,199.93244535169612,23.120122471577208,1.7115113456358197,14.937532811824017,MSG,0.1407163072220841,0.7877670022772592,250207197469.4175,2.343086097281057,4.0930471064,,33.326874289682536,521029543607.3654,upper,0.09960399006225482
hbt_typ_-40c_2.50v,hbt_typ,-40.0,2.5,1,0.6,17700000000.0,45,45,32,16,0,0.21164599496825393,25.723895577777775,2.0847266833409397,3.030125575873015,0.87,0.00019089791128,0.416863537857576,0.40340127469706216,29.21577979088976,1429.7515258555893,1792.8701496066058,180.53842081913646,6.641790364214667,15.09198321230838,MSG,0.1273008388455861,0.9949788115198438,218973642904.1917,0.1146498270506025,1.3015430534,,25.723895577777775,455682195968.5201,upper,0.11779419515645462
hbt_typ_-40c_2.50v,hbt_typ,-40.0,2.5,1,0.6,19450000000.0,45,45,32,16,0,0.21164599496825393,25.723895577777775,2.0847266833409397,3.030125575873015,0.87,0.00019089791128,0.44901304335090664,0.43456358111554017,31.58760567632859,1296.3708375791127,1652.5215331583422,180.4652985374024,6.640992405418115,14.683529266433792,MSG,0.13983995794500265,0.9940962493801303,218973642904.1917,0.1146498270506025,1.3015430534,,25.723895577777775,455682195968.5201,upper,0.11779419515645462
hbt_typ_-40c_2.50v,hbt_typ,-40.0,2.5,1,0.6,21200000000.0,45,45,32,16,0,0.21164599496825393,25.723895577777775,2.0847266833409397,4.3316659503174595,0.88,0.00027289495487,0.48121683927992126,0.4657855877412787,33.98110462818167,1258.7066342484989,1446.9779126081792,165.89329633669715,6.358629166102849,15.376143497560166,MSG,0.14845028410568367,0.9921091754823327,270320326464.84152,0.16389985859035197,1.8605942235,,25.723895577777775,455682195968.5201,upper,0.1683907453760416
hbt_typ_-40c_2.50v,hbt_typ,-40.0,2.5,1,1.0,17700000000.0,45,45,32,16,0,0.212731531031746,27.93392603650793,2.118300113157503,3.1266551299999996,0.87,0.00019697927319,0.41374317484588674,0.4003771047820978,28.98650877634401,1481.583624273233,1808.2144843673454,179.50062221423542,6.62219149269281,15.417976190479418,MSG,0.1216832469552806,0.9952336241381076,227354445919.196,0.19709466054977792,2.2374745663,,27.93392603650793,480195272216.643,upper,0.11193038622332045
hbt_typ_-40c_2.50v,hbt_typ,-40.0,2.5,1,1.0,19450000000.0,45,45,32,16,0,0.212731531031746,27.93392603650793,2.118300113157503,3.1266551299999996,0.87,0.00019697927319,0.44530676119142165,0.43097074502994137,31.31327891953463,1343.6727980074272,1668.5681429142703,179.43545300203505,6.6215284050835965,15.009373408753595,MSG,0.13367494100510757,0.9944000918883927,227354445919.196,0.19709466054977792,2.2374745663,,27.93392603650793,480195272216.643,upper,0.11193038622332045
hbt_typ_-40c_2.50v,hbt_typ,-40.0,2.5,1,1.0,21200000000.0,45,45,32,16,0,0.212731531031746,27.93392603650793,2.118300113157503,3.1266551299999996,0.87,0.00019697927319,0.47719981550310714,0.4618906450270563,33.68157558640233,1229.2749179081452,1547.3314432992324,179.3632779162952,6.620785793845673,14.63615317175317,MSG,0.14565737376526214,0.9934965165447843,227354445919.196,0.19709466054977792,2.2374745663,,27.93392603650793,480195272216.643,upper,0.11193038622332045
hbt_typ_-40c_2.50v,hbt_typ,-40.0,2.5,1,1.4,17700000000.0,45,45,32,16,0,0.21384966641269834,30.64345796507936,2.1562291946134753,3.231691261904761,0.87,0.0002035965495,0.4125468512228824,0.3992176786330865,28.89865167555347,1514.360878981003,1809.9698367621609,178.40155377986133,6.601332325241861,15.647683712296967,MSG,0.1191889929180782,0.9953692856939829,234815112642.42062,0.285138014188398,3.236688999,,30.64345796507936,491584171205.63293,upper,0.10546105030272786
hbt_typ_-40c_2.50v,hbt_typ,-40.0,2.5,1,1.4,19450000000.0,45,45,32,16,0,0.21384966641269834,30.64345796507936,2.1562291946134753,3.231691261904761,0.87,0.0002035965495,0.44373111159130596,0.4294433531316428,31.19672544458536,1373.6701765988228,1671.825263315915,178.34166375609837,6.60076193461196,15.238984529538115,MSG,0.13078126200340723,0.9945596332152085,234815112642.42062,0.285138014188398,3.236688999,,30.64345796507936,491584171205.63293,upper,0.10546105030272786
hbt_typ_-40c_2.50v,hbt_typ,-40.0,2.5,1,1.4,21200000000.0,45,45,32,16,0,0.21384966641269834,30.64345796507936,2.1562291946134753,3.231691261904761,0.87,0.0002035965495,0.47526833650963085,0.4600179044535173,33.53765361906567,1256.8784852311737,1551.5446645902655,178.27537867929925,6.600122883148534,14.86565885656683,MSG,0.14237716651260748,0.9936815018630816,234815112642.42062,0.285138014188398,3.236688999,,30.64345796507936,491584171205.63293,upper,0.10546105030272786
hbt_typ_-40c_2.50v,hbt_typ,-40.0,2.5,4,0.6,17700000000.0,45,45,32,16,0,0.2118024147380952,26.177641314285708,2.0919996055661283,3.050027647857142,0.87,0.00076860696726,0.41894216376583976,0.4054158588572129,29.368599831906604,366.6277577022565,457.9288437730664,46.32180868952589,2.8685039867300017,15.109499147548979,MSG,0.12622853515224128,0.9587184523587231,226387943761.9535,0.4616123437449966,1.5048654324,,26.177641314285708,474813234230.7271,upper,0.11651269918625846
hbt_typ_-40c_2.50v,hbt_typ,-40.0,2.5,4,0.6,19450000000.0,45,45,32,16,0,0.2118024147380952,26.177641314285708,2.0919996055661283,3.050027647857142,0.87,0.00076860696726,0.4510277885029504,0.43651669603538024,31.736828705416624,332.41764560275385,422.24020198690215,46.302164007034776,2.8711265496574163,14.701022191536563,MSG,0.1386265923372041,0.951648524276688,226387943761.9535,0.4616123437449966,1.5048654324,,26.177641314285708,474813234230.7271,upper,0.11651269918625846
hbt_typ_-40c_2.50v,hbt_typ,-40.0,2.5,4,0.6,21200000000.0,45,45,32,16,0,0.2118024147380952,26.177641314285708,2.0919996055661283,3.050027647857142,0.87,0.00076860696726,0.48341906202269075,0.4679209293518097,34.145430796875615,304.06493497616214,391.3260847355358,46.28024607344041,2.8739709864750314,14.327940088934454,MSG,0.15101262368038412,0.9441387548749113,226387943761.9535,0.4616123437449966,1.5048654324,,26.177641314285708,474813234230.7271,upper,0.11651269918625846
hbt_typ_-40c_2.50v,hbt_typ,-40.0,2.5,4,1.0,17700000000.0,45,45,32,16,0,0.2129961464880952,28.867246580952372,2.132033615646349,3.1628611545634913,0.87,0.00079704101095,0.41599617310492487,0.40256064193927804,29.1520329829911,380.28334173100205,461.45744105398165,46.01829420793013,2.854358355079208,15.449040346548465,MSG,0.12079949368794116,0.9609139687164866,236544953292.03363,0.7975096357215837,2.5994501619,,28.867246580952372,499845750671.05023,upper,0.10956573726884151
hbt_typ_-40c_2.50v,hbt_typ,-40.0,2.5,4,1.0,19450000000.0,45,45,32,16,0,0.2129961464880952,28.867246580952372,2.132033615646349,3.1628611545634913,0.87,0.00079704101095,0.4474667211344542,0.43306457906780393,31.473123553821086,344.88370150490215,426.03930498303686,46.001021737362116,2.8569633935993743,15.040406565162813,MSG,0.1326799213966054,0.9541951741623999,236544953292.03363,0.7975096357215837,2.5994501619,,28.867246580952372,499845750671.05023,upper,0.10956573726884151
hbt_typ_-40c_2.50v,hbt_typ,-40.0,2.5,4,1.0,21200000000.0,45,45,32,16,0,0.2129961464880952,28.867246580952372,2.132033615646349,3.1628611545634913,0.87,0.00079704101095,0.4792756801366731,0.4639034085466984,33.836327666544065,315.5162797063036,395.2439231315817,45.98175625463922,2.8597916756373354,14.667153315120434,MSG,0.144548788523943,0.9470474181618185,236544953292.03363,0.7975096357215837,2.5994501619,,28.867246580952372,499845750671.05023,upper,0.10956573726884151
hbt_typ_-40c_2.50v,hbt_typ,-40.0,2.5,4,1.4,17700000000.0,45,45,32,16,0,0.21422567017460312,32.30595535912698,2.1784110784885944,3.287396187341269,0.87,0.00082842383921,0.41512557236361325,0.40171687812911056,29.088061148167235,388.9896760533674,461.30102261700296,45.69596036011971,2.8395265982156186,15.693678638056456,MSG,0.11845397195690528,0.9618864810852258,244820318771.65634,1.1602147025664438,3.7815497821,,32.30595535912698,510361449511.0131,upper,0.10175820992746229
hbt_typ_-40c_2.50v,hbt_typ,-40.0,2.5,4,1.4,19450000000.0,45,45,32,16,0,0.21422567017460312,32.30595535912698,2.1784110784885944,3.287396187341269,0.87,0.00082842383921,0.44619252731918124,0.4318293900916037,31.378819113200908,352.85912572779023,426.37850234277033,45.68028207532188,2.842142197345563,15.284941524667875,MSG,0.1299575303798938,0.9553079337789205,244820318771.65634,1.1602147025664438,3.7815497821,,32.30595535912698,510361449511.0131,upper,0.10175820992746229
hbt_typ_-40c_2.50v,hbt_typ,-40.0,2.5,4,1.4,21200000000.0,45,45,32,16,0,0.21422567017460312,32.30595535912698,2.1784110784885944,3.287396187341269,0.87,0.00082842383921,0.47762582644389684,0.4623037039113517,33.71332792533117,322.8590795572878,395.91132144538784,45.66280499305665,2.8449842397769416,14.91157529443511,MSG,0.14146210259156825,0.9483036190827367,244820318771.65634,1.1602147025664438,3.7815497821,,32.30595535912698,510361449511.0131,upper,0.10175820992746229
hbt_typ_-40c_2.50v,hbt_typ,-40.0,2.5,8,0.6,17700000000.0,45,45,32,16,0,0.2118892979960317,26.4371917281746,2.0961062985167938,3.061209081349206,0.87,0.001542849377,0.4202270667460928,0.406661189274375,29.463102155327675,185.61814384501852,231.40418531032108,23.476709424578033,1.7185958523200973,15.119235159561805,MSG,0.12534309105084632,0.8250307578946685,230902315664.39368,0.9266102838428999,1.618734338,,26.4371917281746,486105653922.6533,upper,0.11579176460284998
hbt_typ_-40c_2.50v,hbt_typ,-40.0,2.5,8,0.6,19450000000.0,45,45,32,16,0,0.2118892979960317,26.4371917281746,2.0961062985167938,3.061209081349206,0.87,0.001542849377,0.4522912654364908,0.43774153786345704,31.830444032393302,168.29644069910685,213.40996055026577,23.466425550493025,1.7262188187261376,14.710744410382176,MSG,0.13762300298769578,0.8000957210378848,230902315664.39368,0.9266102838428999,1.618734338,,26.4371917281746,486105653922.6533,upper,0.11579176460284998
hbt_typ_-40c_2.50v,hbt_typ,-40.0,2.5,8,0.6,21200000000.0,45,45,32,16,0,0.2118892979960317,26.4371917281746,2.0961062985167938,3.061209081349206,0.87,0.001542849377,0.48466279989514005,0.46912690964322684,34.238273257084344,153.94037344114864,197.81463135415626,23.45494395725413,1.7345202846180794,14.337647419364801,MSG,0.14989182711176227,0.77517550496643,230902315664.39368,0.9266102838428999,1.618734338,,26.4371917281746,486105653922.6533,upper,0.11579176460284998
hbt_typ_-40c_2.50v,hbt_typ,-40.0,2.5,8,1.0,17700000000.0,45,45,32,16,0,0.21314328261904758,29.41575638888888,2.13990837013812,3.1834797708333324,0.87,0.0016044738045,0.4174025549517288,0.4039236820071883,29.255401164699165,192.6316865012065,233.0674722516543,23.312204864036246,1.7074864115996224,15.46648359470174,MSG,0.12008812689648941,0.8327727290266733,241473648543.89258,1.605419145612513,2.8044944255,,29.41575638888888,511251205267.9708,upper,0.10822362439865113
hbt_typ_-40c_2.50v,hbt_typ,-40.0,2.5,8,1.0,19450000000.0,45,45,32,16,0,0.21314328261904758,29.41575638888888,2.13990837013812,3.1834797708333324,0.87,0.0016044738045,0.44883767048654405,0.4343935741469449,31.57461987908388,174.69997185391276,215.23641424883658,23.30325525948618,1.7148458552202204,15.057831317074452,MSG,0.13186910735774066,0.8085856165740432,241473648543.89258,1.605419145612513,2.8044944255,,29.41575638888888,511251205267.9708,upper,0.10822362439865113
hbt_typ_-40c_2.50v,hbt_typ,-40.0,2.5,8,1.0,21200000000.0,45,45,32,16,0,0.21314328261904758,29.41575638888888,2.13990837013812,3.1834797708333324,0.87,0.0016044738045,0.4806155750616188,0.4652025895310575,33.93625377931779,159.8229234065793,199.72050790381527,23.29325568661128,1.722862662043179,14.684558166766905,MSG,0.1436393019908003,0.7843300053279186,241473648543.89258,1.605419145612513,2.8044944255,,29.41575638888888,511251205267.9708,upper,0.10822362439865113
hbt_typ_-40c_2.50v,hbt_typ,-40.0,2.5,8,1.4,17700000000.0,45,45,32,16,0,0.21443497089285712,33.326874289682536,2.1914989700779124,3.3194896555555546,0.87,0.0016730227864,0.41674031244719545,0.40328184675196044,29.206722586835298,197.1233064208708,232.80504056149542,23.137166651429876,1.696403712877572,15.719683197381734,MSG,0.11787873310379976,0.8357343673708507,250207197469.4175,2.343086097281057,4.0930471064,,33.326874289682536,521029543607.3654,upper,0.09960399006225482
hbt_typ_-40c_2.50v,hbt_typ,-40.0,2.5,8,1.4,19450000000.0,45,45,32,16,0,0.21443497089285712,33.326874289682536,2.1914989700779124,3.3194896555555546,0.87,0.0016730227864,0.4477594347756787,0.43334833390552485,31.494791510401257,178.8166515053052,215.25756879231585,23.129117492651645,1.7036337391566392,15.310923409019225,MSG,0.12929664438782906,0.8118005178921458,250207197469.4175,2.343086097281057,4.0930471064,,33.326874289682536,521029543607.3654,upper,0.09960399006225482
hbt_typ_-40c_2.50v,hbt_typ,-40.0,2.5,8,1.4,21200000000.0,45,45,32,16,0,0.21443497089285712,33.326874289682536,2.1914989700779124,3.3194896555555546,0.87,0.0016730227864,0.47915185346367584,0.46378334507596386,33.82709452979822,163.61415085716922,199.93244535169612,23.120122471577208,1.7115113456358197,14.937532811824017,MSG,0.1407163072220841,0.7877670022772592,250207197469.4175,2.343086097281057,4.0930471064,,33.326874289682536,521029543607.3654,upper,0.09960399006225482
hbt_typ_-40c_2.75v,hbt_typ,-40.0,2.75,1,0.6,17700000000.0,45,45,32,16,0,0.21164599496825393,25.723895577777775,2.0847266833409397,3.030125575873015,0.87,0.00019089791128,0.416863537857576,0.40340127469706216,29.21577979088976,1429.7515258555893,1792.8701496066058,180.53842081913646,6.641790364214667,15.09198321230838,MSG,0.1273008388455861,0.9949788115198438,218973642904.1917,0.1146498270506025,1.3015430534,,25.723895577777775,455682195968.5201,upper,0.11779419515645462
hbt_typ_-40c_2.75v,hbt_typ,-40.0,2.75,1,0.6,19450000000.0,45,45,32,16,0,0.21164599496825393,25.723895577777775,2.0847266833409397,3.030125575873015,0.87,0.00019089791128,0.44901304335090664,0.43456358111554017,31.58760567632859,1296.3708375791127,1652.5215331583422,180.4652985374024,6.640992405418115,14.683529266433792,MSG,0.13983995794500265,0.9940962493801303,218973642904.1917,0.1146498270506025,1.3015430534,,25.723895577777775,455682195968.5201,upper,0.11779419515645462
hbt_typ_-40c_2.75v,hbt_typ,-40.0,2.75,1,0.6,21200000000.0,45,45,32,16,0,0.21164599496825393,25.723895577777775,2.0847266833409397,4.3316659503174595,0.88,0.00027289495487,0.48121683927992126,0.4657855877412787,33.98110462818167,1258.7066342484989,1446.9779126081792,165.89329633669715,6.358629166102849,15.376143497560166,MSG,0.14845028410568367,0.9921091754823327,270320326464.84152,0.16389985859035197,1.8605942235,,25.723895577777775,455682195968.5201,upper,0.1683907453760416
hbt_typ_-40c_2.75v,hbt_typ,-40.0,2.75,1,1.0,17700000000.0,45,45,32,16,0,0.212731531031746,27.93392603650793,2.118300113157503,3.1266551299999996,0.87,0.00019697927319,0.41374317484588674,0.4003771047820978,28.98650877634401,1481.583624273233,1808.2144843673454,179.50062221423542,6.62219149269281,15.417976190479418,MSG,0.1216832469552806,0.9952336241381076,227354445919.196,0.19709466054977792,2.2374745663,,27.93392603650793,480195272216.643,upper,0.11193038622332045
hbt_typ_-40c_2.75v,hbt_typ,-40.0,2.75,1,1.0,19450000000.0,45,45,32,16,0,0.212731531031746,27.93392603650793,2.118300113157503,3.1266551299999996,0.87,0.00019697927319,0.44530676119142165,0.43097074502994137,31.31327891953463,1343.6727980074272,1668.5681429142703,179.43545300203505,6.6215284050835965,15.009373408753595,MSG,0.13367494100510757,0.9944000918883927,227354445919.196,0.19709466054977792,2.2374745663,,27.93392603650793,480195272216.643,upper,0.11193038622332045
hbt_typ_-40c_2.75v,hbt_typ,-40.0,2.75,1,1.0,21200000000.0,45,45,32,16,0,0.212731531031746,27.93392603650793,2.118300113157503,3.1266551299999996,0.87,0.00019697927319,0.47719981550310714,0.4618906450270563,33.68157558640233,1229.2749179081452,1547.3314432992324,179.3632779162952,6.620785793845673,14.63615317175317,MSG,0.14565737376526214,0.9934965165447843,227354445919.196,0.19709466054977792,2.2374745663,,27.93392603650793,480195272216.643,upper,0.11193038622332045
hbt_typ_-40c_2.75v,hbt_typ,-40.0,2.75,1,1.4,17700000000.0,45,45,32,16,0,0.21384966641269834,30.64345796507936,2.1562291946134753,3.231691261904761,0.87,0.0002035965495,0.4125468512228824,0.3992176786330865,28.89865167555347,1514.360878981003,1809.9698367621609,178.40155377986133,6.601332325241861,15.647683712296967,MSG,0.1191889929180782,0.9953692856939829,234815112642.42062,0.285138014188398,3.236688999,,30.64345796507936,491584171205.63293,upper,0.10546105030272786
hbt_typ_-40c_2.75v,hbt_typ,-40.0,2.75,1,1.4,19450000000.0,45,45,32,16,0,0.21384966641269834,30.64345796507936,2.1562291946134753,3.231691261904761,0.87,0.0002035965495,0.44373111159130596,0.4294433531316428,31.19672544458536,1373.6701765988228,1671.825263315915,178.34166375609837,6.60076193461196,15.238984529538115,MSG,0.13078126200340723,0.9945596332152085,234815112642.42062,0.285138014188398,3.236688999,,30.64345796507936,491584171205.63293,upper,0.10546105030272786
hbt_typ_-40c_2.75v,hbt_typ,-40.0,2.75,1,1.4,21200000000.0,45,45,32,16,0,0.21384966641269834,30.64345796507936,2.1562291946134753,3.231691261904761,0.87,0.0002035965495,0.47526833650963085,0.4600179044535173,33.53765361906567,1256.8784852311737,1551.5446645902655,178.27537867929925,6.600122883148534,14.86565885656683,MSG,0.14237716651260748,0.9936815018630816,234815112642.42062,0.285138014188398,3.236688999,,30.64345796507936,491584171205.63293,upper,0.10546105030272786
hbt_typ_-40c_2.75v,hbt_typ,-40.0,2.75,4,0.6,17700000000.0,45,45,32,16,0,0.2118024147380952,26.177641314285708,2.0919996055661283,3.050027647857142,0.87,0.00076860696726,0.41894216376583976,0.4054158588572129,29.368599831906604,366.6277577022565,457.9288437730664,46.32180868952589,2.8685039867300017,15.109499147548979,MSG,0.12622853515224128,0.9587184523587231,226387943761.9535,0.4616123437449966,1.5048654324,,26.177641314285708,474813234230.7271,upper,0.11651269918625846
hbt_typ_-40c_2.75v,hbt_typ,-40.0,2.75,4,0.6,19450000000.0,45,45,32,16,0,0.2118024147380952,26.177641314285708,2.0919996055661283,3.050027647857142,0.87,0.00076860696726,0.4510277885029504,0.43651669603538024,31.736828705416624,332.41764560275385,422.24020198690215,46.302164007034776,2.8711265496574163,14.701022191536563,MSG,0.1386265923372041,0.951648524276688,226387943761.9535,0.4616123437449966,1.5048654324,,26.177641314285708,474813234230.7271,upper,0.11651269918625846
hbt_typ_-40c_2.75v,hbt_typ,-40.0,2.75,4,0.6,21200000000.0,45,45,32,16,0,0.2118024147380952,26.177641314285708,2.0919996055661283,3.050027647857142,0.87,0.00076860696726,0.48341906202269075,0.4679209293518097,34.145430796875615,304.06493497616214,391.3260847355358,46.28024607344041,2.8739709864750314,14.327940088934454,MSG,0.15101262368038412,0.9441387548749113,226387943761.9535,0.4616123437449966,1.5048654324,,26.177641314285708,474813234230.7271,upper,0.11651269918625846
hbt_typ_-40c_2.75v,hbt_typ,-40.0,2.75,4,1.0,17700000000.0,45,45,32,16,0,0.2129961464880952,28.867246580952372,2.132033615646349,3.1628611545634913,0.87,0.00079704101095,0.41599617310492487,0.40256064193927804,29.1520329829911,380.28334173100205,461.45744105398165,46.01829420793013,2.854358355079208,15.449040346548465,MSG,0.12079949368794116,0.9609139687164866,236544953292.03363,0.7975096357215837,2.5994501619,,28.867246580952372,499845750671.05023,upper,0.10956573726884151
hbt_typ_-40c_2.75v,hbt_typ,-40.0,2.75,4,1.0,19450000000.0,45,45,32,16,0,0.2129961464880952,28.867246580952372,2.132033615646349,3.1628611545634913,0.87,0.00079704101095,0.4474667211344542,0.43306457906780393,31.473123553821086,344.88370150490215,426.03930498303686,46.001021737362116,2.8569633935993743,15.040406565162813,MSG,0.1326799213966054,0.9541951741623999,236544953292.03363,0.7975096357215837,2.5994501619,,28.867246580952372,499845750671.05023,upper,0.10956573726884151
hbt_typ_-40c_2.75v,hbt_typ,-40.0,2.75,4,1.0,21200000000.0,45,45,32,16,0,0.2129961464880952,28.867246580952372,2.132033615646349,3.1628611545634913,0.87,0.00079704101095,0.4792756801366731,0.4639034085466984,33.836327666544065,315.5162797063036,395.2439231315817,45.98175625463922,2.8597916756373354,14.667153315120434,MSG,0.144548788523943,0.9470474181618185,236544953292.03363,0.7975096357215837,2.5994501619,,28.867246580952372,499845750671.05023,upper,0.10956573726884151
hbt_typ_-40c_2.75v,hbt_typ,-40.0,2.75,4,1.4,17700000000.0,45,45,32,16,0,0.21422567017460312,32.30595535912698,2.1784110784885944,3.287396187341269,0.87,0.00082842383921,0.41512557236361325,0.40171687812911056,29.088061148167235,388.9896760533674,461.30102261700296,45.69596036011971,2.8395265982156186,15.693678638056456,MSG,0.11845397195690528,0.9618864810852258,244820318771.65634,1.1602147025664438,3.7815497821,,32.30595535912698,510361449511.0131,upper,0.10175820992746229
hbt_typ_-40c_2.75v,hbt_typ,-40.0,2.75,4,1.4,19450000000.0,45,45,32,16,0,0.21422567017460312,32.30595535912698,2.1784110784885944,3.287396187341269,0.87,0.00082842383921,0.44619252731918124,0.4318293900916037,31.378819113200908,352.85912572779023,426.37850234277033,45.68028207532188,2.842142197345563,15.284941524667875,MSG,0.1299575303798938,0.9553079337789205,244820318771.65634,1.1602147025664438,3.7815497821,,32.30595535912698,510361449511.0131,upper,0.10175820992746229
hbt_typ_-40c_2.75v,hbt_typ,-40.0,2.75,4,1.4,21200000000.0,45,45,32,16,0,0.21422567017460312,32.30595535912698,2.1784110784885944,3.287396187341269,0.87,0.00082842383921,0.47762582644389684,0.4623037039113517,33.71332792533117,322.8590795572878,395.91132144538784,45.66280499305665,2.8449842397769416,14.91157529443511,MSG,0.14146210259156825,0.9483036190827367,244820318771.65634,1.1602147025664438,3.7815497821,,32.30595535912698,510361449511.0131,upper,0.10175820992746229
hbt_typ_-40c_2.75v,hbt_typ,-40.0,2.75,8,0.6,17700000000.0,45,45,32,16,0,0.2118892979960317,26.4371917281746,2.0961062985167938,3.061209081349206,0.87,0.001542849377,0.4202270667460928,0.406661189274375,29.463102155327675,185.61814384501852,231.40418531032108,23.476709424578033,1.7185958523200973,15.119235159561805,MSG,0.12534309105084632,0.8250307578946685,230902315664.39368,0.9266102838428999,1.618734338,,26.4371917281746,486105653922.6533,upper,0.11579176460284998
hbt_typ_-40c_2.75v,hbt_typ,-40.0,2.75,8,0.6,19450000000.0,45,45,32,16,0,0.2118892979960317,26.4371917281746,2.0961062985167938,3.061209081349206,0.87,0.001542849377,0.4522912654364908,0.43774153786345704,31.830444032393302,168.29644069910685,213.40996055026577,23.466425550493025,1.7262188187261376,14.710744410382176,MSG,0.13762300298769578,0.8000957210378848,230902315664.39368,0.9266102838428999,1.618734338,,26.4371917281746,486105653922.6533,upper,0.11579176460284998
hbt_typ_-40c_2.75v,hbt_typ,-40.0,2.75,8,0.6,21200000000.0,45,45,32,16,0,0.2118892979960317,26.4371917281746,2.0961062985167938,3.061209081349206,0.87,0.001542849377,0.48466279989514005,0.46912690964322684,34.238273257084344,153.94037344114864,197.81463135415626,23.45494395725413,1.7345202846180794,14.337647419364801,MSG,0.14989182711176227,0.77517550496643,230902315664.39368,0.9266102838428999,1.618734338,,26.4371917281746,486105653922.6533,upper,0.11579176460284998
hbt_typ_-40c_2.75v,hbt_typ,-40.0,2.75,8,1.0,17700000000.0,45,45,32,16,0,0.21314328261904758,29.41575638888888,2.13990837013812,3.1834797708333324,0.87,0.0016044738045,0.4174025549517288,0.4039236820071883,29.255401164699165,192.6316865012065,233.0674722516543,23.312204864036246,1.7074864115996224,15.46648359470174,MSG,0.12008812689648941,0.8327727290266733,241473648543.89258,1.605419145612513,2.8044944255,,29.41575638888888,511251205267.9708,upper,0.10822362439865113
hbt_typ_-40c_2.75v,hbt_typ,-40.0,2.75,8,1.0,19450000000.0,45,45,32,16,0,0.21314328261904758,29.41575638888888,2.13990837013812,3.1834797708333324,0.87,0.0016044738045,0.44883767048654405,0.4343935741469449,31.57461987908388,174.69997185391276,215.23641424883658,23.30325525948618,1.7148458552202204,15.057831317074452,MSG,0.13186910735774066,0.8085856165740432,241473648543.89258,1.605419145612513,2.8044944255,,29.41575638888888,511251205267.9708,upper,0.10822362439865113
hbt_typ_-40c_2.75v,hbt_typ,-40.0,2.75,8,1.0,21200000000.0,45,45,32,16,0,0.21314328261904758,29.41575638888888,2.13990837013812,3.1834797708333324,0.87,0.0016044738045,0.4806155750616188,0.4652025895310575,33.93625377931779,159.8229234065793,199.72050790381527,23.29325568661128,1.722862662043179,14.684558166766905,MSG,0.1436393019908003,0.7843300053279186,241473648543.89258,1.605419145612513,2.8044944255,,29.41575638888888,511251205267.9708,upper,0.10822362439865113
hbt_typ_-40c_2.75v,hbt_typ,-40.0,2.75,8,1.4,17700000000.0,45,45,32,16,0,0.21443497089285712,33.326874289682536,2.1914989700779124,3.3194896555555546,0.87,0.0016730227864,0.41674031244719545,0.40328184675196044,29.206722586835298,197.1233064208708,232.80504056149542,23.137166651429876,1.696403712877572,15.719683197381734,MSG,0.11787873310379976,0.8357343673708507,250207197469.4175,2.343086097281057,4.0930471064,,33.326874289682536,521029543607.3654,upper,0.09960399006225482
hbt_typ_-40c_2.75v,hbt_typ,-40.0,2.75,8,1.4,19450000000.0,45,45,32,16,0,0.21443497089285712,33.326874289682536,2.1914989700779124,3.3194896555555546,0.87,0.0016730227864,0.4477594347756787,0.43334833390552485,31.494791510401257,178.8166515053052,215.25756879231585,23.129117492651645,1.7036337391566392,15.310923409019225,MSG,0.12929664438782906,0.8118005178921458,250207197469.4175,2.343086097281057,4.0930471064,,33.326874289682536,521029543607.3654,upper,0.09960399006225482
hbt_typ_-40c_2.75v,hbt_typ,-40.0,2.75,8,1.4,21200000000.0,45,45,32,16,0,0.21443497089285712,33.326874289682536,2.1914989700779124,3.3194896555555546,0.87,0.0016730227864,0.47915185346367584,0.46378334507596386,33.82709452979822,163.61415085716922,199.93244535169612,23.120122471577208,1.7115113456358197,14.937532811824017,MSG,0.1407163072220841,0.7877670022772592,250207197469.4175,2.343086097281057,4.0930471064,,33.326874289682536,521029543607.3654,upper,0.09960399006225482
hbt_typ_125c_2.25v,hbt_typ,125.0,2.25,1,0.6,17700000000.0,45,45,25,25,0,0.5534217003333333,44.54525985714285,1.9057453124086656,3.349266928888888,0.72,0.00021100381652,0.9032468080847756,0.8755814190002166,67.04477230656524,1221.1529716469486,1554.797231697071,351.79583950408653,9.05894864730184,13.306469927540745,MSG,0.16587685565489174,0.9933703752461375,141101606942.87277,0.12692887231105918,1.4408781269,,26.884162420634915,294788940179.5329,,0.1245814125240577
hbt_typ_125c_2.25v,hbt_typ,125.0,2.25,1,0.6,19450000000.0,45,45,25,25,0,0.5534217003333333,44.54525985714285,1.9057453124086656,3.349266928888888,0.72,0.00021100381652,0.9636810544627463,0.93435639402196,72.04795883532557,1105.33764495683,1439.653500675377,351.55943230141946,9.057474695690344,12.899238996987563,MSG,0.1821896938596516,0.9922983005213782,141101606942.87277,0.12692887231105918,1.4408781269,,26.884162420634915,294788940179.5329,,0.1245814125240577
hbt_typ_125c_2.25v,hbt_typ,125.0,2.25,1,0.6,21200000000.0,45,45,25,25,0,0.5534217003333333,44.54525985714285,1.9057453124086656,4.217341388412698,0.73,0.00026569250747,1.0237167100008233,0.9927658108412685,77.08756141908195,1052.6813680214873,1270.1781274732364,324.85374954444825,8.760791114094971,13.298147650215537,MSG,0.19457769037702985,0.9900472058289803,163529380403.21628,0.15983876258983407,1.8144662727,,26.884162420634915,294788940179.5329,,0.15687084917980115
hbt_typ_125c_2.25v,hbt_typ,125.0,2.25,1,1.0,17700000000.0,45,45,24,24,0,0.5571003414920634,44.30669121904761,1.9005358938757804,3.4285765579365073,0.72,0.00021600032315,0.8905738875571133,0.8632593008467225,66.00441723922246,1280.041274959961,1581.5681548406335,349.85107985480147,9.037706855688919,13.765525115077132,MSG,0.15436037199303174,0.9938752356884022,147873466350.61295,0.2163359489169848,2.4558144905,,36.23851576190475,343473010437.676,,0.09461139579951429
hbt_typ_125c_2.25v,hbt_typ,125.0,2.25,1,1.0,19450000000.0,45,45,24,24,0,0.5571003414920634,44.30669121904761,1.9005358938757804,3.4285765579365073,0.72,0.00021600032315,0.9490928901833795,0.9201667059441848,70.8338622620828,1158.9949927075388,1466.9434051227263,349.6474772634737,9.03652541111974,13.357912761116872,MSG,0.1695486954512501,0.9929009889839651,147873466350.61295,0.2163359489169848,2.4558144905,,36.23851576190475,343473010437.676,,0.09461139579951429
hbt_typ_125c_2.25v,hbt_typ,125.0,2.25,1,1.0,21200000000.0,45,45,24,24,0,0.5571003414920634,44.30669121904761,1.9005358938757804,3.4285765579365073,0.72,0.00021600032315,1.0083204247644848,0.977784495274408,75.78849391495527,1058.7580046957476,1365.847891206176,349.42138934002156,9.035194707185273,12.98577503103883,MSG,0.18472206540677624,0.9918452418468356,147873466350.61295,0.2163359489169848,2.4558144905,,36.23851576190475,343473010437.676,,0.09461139579951429
hbt_typ_125c_2.25v,hbt_typ,125.0,2.25,1,1.4,17700000000.0,45,45,23,23,0,0.5612306172539682,43.966650392063485,1.8939820246591603,3.5144932598412693,0.72,0.00022141307537,0.8857418338565058,0.8585612667841657,65.60853934889215,1309.5227741345989,1586.3266074461665,347.69399413122915,9.014070017052365,14.019432463595123,MSG,0.1525336223449253,0.9940329133942998,152207818734.00778,0.3102660816417472,3.5220957572,,39.52381708253967,354597184938.4058,,0.08892089679753774
hbt_typ_125c_2.25v,hbt_typ,125.0,2.25,1,1.4,19450000000.0,45,45,23,23,0,0.5612306172539682,43.966650392063485,1.8939820246591603,3.5144932598412693,0.72,0.00022141307537,0.9433130904079605,0.9145451420346794,70.3539666141025,1186.0004183609467,1473.0521363536482,347.5066484621689,9.013037070116754,13.61163669592382,MSG,0.16688003166197016,0.9930969124523379,152207818734.00778,0.3102660816417472,3.5220957572,,39.52381708253967,354597184938.4058,,0.08892089679753774
hbt_typ_125c_2.25v,hbt_typ,125.0,2.25,1,1.4,21200000000.0,45,45,23,23,0,0.5612306172539682,43.966650392063485,1.8939820246591603,3.5144932598412693,0.72,0.00022141307537,1.0016416466355929,0.9712861731013347,75.22640004467728,1083.6032479195403,1372.7876144754925,347.29884980086456,9.011874315738655,13.239297101202222,MSG,0.18126545344811557,0.9920819632858725,152207818734.00778,0.3102660816417472,3.5220957572,,39.52381708253967,354597184938.4058,,0.08892089679753774
hbt_typ_125c_2.25v,hbt_typ,125.0,2.25,4,0.6,17700000000.0,45,45,25,25,0,0.5540158153174602,45.319327035714274,1.9127612896567148,3.365258506626984,0.72,0.00084804514367,0.9107912047397227,0.8829174494321228,67.66555579303271,314.8194391325414,396.4768385413277,90.34379219769276,4.526971652229147,13.319898522295317,MSG,0.16487733742457172,0.9569780247380767,145578061462.75638,0.5101414386702239,1.6630560796,,27.293280079365076,303452169088.593,,0.12329989275166922
hbt_typ_125c_2.25v,hbt_typ,125.0,2.25,4,0.6,19450000000.0,45,45,25,25,0,0.5540158153174602,45.319327035714274,1.9127612896567148,3.365258506626984,0.72,0.00084804514367,0.9712436936216611,0.9417129712997087,72.67896464525799,285.01267462918196,367.2918977242143,90.27854134334446,4.531693561769138,12.912646922762722,MSG,0.181020488281754,0.9501501210510256,145578061462.75638,0.5101414386702239,1.6630560796,,27.293280079365076,303452169088.593,,0.12329989275166922
hbt_typ_125c_2.25v,hbt_typ,125.0,2.25,4,0.6,21200000000.0,45,45,25,25,0,0.5540158153174602,45.319327035714274,1.9127612896567148,3.365258506626984,0.72,0.00084804514367,1.0323163108302968,1.001134252538645,77.81516311307526,260.3564623169911,341.648622154565,90.20551132214335,4.536789031809421,12.540903771694767,MSG,0.1971402408078253,0.9429048992099064,145578061462.75638,0.5101414386702239,1.6630560796,,27.293280079365076,303452169088.593,,0.12329989275166922
hbt_typ_125c_2.25v,hbt_typ,125.0,2.25,4,1.0,17700000000.0,45,45,24,24,0,0.5581135110317459,45.77432819047618,1.9138994428570817,3.457208762777777,0.72,0.00087121660822,0.8982314293511883,0.8707047532601373,66.63268298891548,330.3453293599954,403.018224770144,89.77486370201392,4.507752487130469,13.790238901563272,MSG,0.15369409606540105,0.9606595531115569,152736320339.75876,0.8725735731721841,2.8445815215,,37.36205877341269,353120635224.824,,0.09253260864837486
hbt_typ_125c_2.25v,hbt_typ,125.0,2.25,4,1.0,19450000000.0,45,45,24,24,0,0.5581135110317459,45.77432819047618,1.9138994428570817,3.457208762777777,0.72,0.00087121660822,0.9567049307341391,0.9275706609199195,71.46686374353479,299.17032718476736,374.0505005115265,89.71974680339173,4.512391168976086,13.382592013525574,MSG,0.16876091574160335,0.9544263219259275,152736320339.75876,0.8725735731721841,2.8445815215,,37.36205877341269,353120635224.824,,0.09253260864837486
hbt_typ_125c_2.25v,hbt_typ,125.0,2.25,4,1.0,21200000000.0,45,45,24,24,0,0.5581135110317459,45.77432819047618,1.9138994428570817,3.457208762777777,0.72,0.00087121660822,1.0158912628626504,0.9851511008372698,76.42671079255776,273.3396534132201,348.45052392054737,89.65805643553522,4.517405903532569,13.010417795181063,MSG,0.18380829996342393,0.9477956052771473,152736320339.75876,0.8725735731721841,2.8445815215,,37.36205877341269,353120635224.824,,0.09253260864837486
hbt_typ_125c_2.25v,hbt_typ,125.0,2.25,4,1.4,17700000000.0,45,45,23,23,0,0.56268303015873,46.249553623015856,1.9148437279536275,3.5576404219444435,0.72,0.00089652538633,0.8938934675988714,0.8664868945059276,66.27663735211242,338.17441272720174,403.7599160015543,89.14842188731615,4.48745337424146,14.056070006188024,MSG,0.1521330052255668,0.9618491429251621,157459520298.41907,1.256306694848264,4.0955478451,,41.49729560714285,364268536787.1293,,0.08573186203806672
hbt_typ_125c_2.25v,hbt_typ,125.0,2.25,4,1.4,19450000000.0,45,45,23,23,0,0.56268303015873,46.249553623015856,1.9148437279536275,3.5576404219444435,0.72,0.00089652538633,0.9513727306647464,0.9223841866396114,71.02333268890122,306.3537909553153,375.227780426334,89.09845338959964,4.492094409437415,13.648229994708615,MSG,0.1663901975244203,0.9558261454850066,157459520298.41907,1.256306694848264,4.0955478451,,41.49729560714285,364268536787.1293,,0.08573186203806672
hbt_typ_125c_2.25v,hbt_typ,125.0,2.25,4,1.4,21200000000.0,45,45,23,23,0,0.56268303015873,46.249553623015856,1.9148437279536275,3.5576404219444435,0.72,0.00089652538633,1.0096224254277049,0.9790513482215546,75.89817254979491,279.95548293509825,349.9088897854463,89.04257826449242,4.497118245184195,13.275843331326687,MSG,0.1806822752120906,0.949411553345269,157459520298.41907,1.256306694848264,4.0955478451,,41.49729560714285,364268536787.1293,,0.08573186203806672
hbt_typ_125c_2.25v,hbt_typ,125.0,2.25,8,0.6,17700000000.0,45,44,25,25,1,0.5543462204563492,45.76005329166666,1.9167054307136904,3.3742203285714276,0.72,0.0017006070456,0.9150728904712179,0.8870810371547562,68.01835020420413,159.79424834511585,200.19607207493436,45.81466488191273,2.928420355255948,13.327338325715015,MSG,0.16394560201511607,0.8416509195260935,147925272744.88312,1.023001938361628,1.7871721456,,27.52661485912698,308405091765.5939,,0.12258028623714477
hbt_typ_125c_2.25v,hbt_typ,125.0,2.25,8,0.6,19450000000.0,45,44,25,25,1,0.5543462204563492,45.76005329166666,1.9167054307136904,3.3742203285714276,0.72,0.0017006070456,0.9755417795735901,0.9458941012655946,73.03807512087745,144.6789833623173,185.50318205264412,45.779832370343165,2.9435725750603363,12.920073111852197,MSG,0.17994262326490784,0.8196524010082783,147925272744.88312,1.023001938361628,1.7871721456,,27.52661485912698,308405091765.5939,,0.12258028623714477
hbt_typ_125c_2.25v,hbt_typ,125.0,2.25,8,0.6,21200000000.0,45,44,25,25,1,0.5543462204563492,45.76005329166666,1.9167054307136904,3.3742203285714276,0.72,0.0017006070456,1.0366256114736923,1.0053278856685437,78.18030999355966,132.17284850234267,172.58411890947485,45.740898034826195,2.9600149004095315,12.54831515163312,MSG,0.1959167974720256,0.7975425084299498,147925272744.88312,1.023001938361628,1.7871721456,,27.52661485912698,308405091765.5939,,0.12258028623714477
hbt_typ_125c_2.25v,hbt_typ,125.0,2.25,8,1.0,17700000000.0,45,45,24,24,0,0.5586777338690474,46.63775784523808,1.921576300255448,3.4733706906746025,0.72,0.0017505788281,0.9026385863140269,0.8749900108439264,66.99477231651215,167.76656633500608,203.41315929873386,45.50705580262152,2.9099228056259028,13.80401845604914,MSG,0.15306280158423227,0.8544033201011149,155285586527.5373,1.75330912408396,3.0630103129,,38.020951859126974,358462544827.4739,,0.09135412242028906
hbt_typ_125c_2.25v,hbt_typ,125.0,2.25,8,1.0,19450000000.0,45,45,24,24,0,0.5586777338690474,46.63775784523808,1.921576300255448,3.4733706906746025,0.72,0.0017505788281,0.9611032576548617,0.9318489151504581,71.83312553999704,151.9511603952148,188.85358346913884,45.47805605802322,2.9242896572315806,13.396350077878243,MSG,0.16801600063170566,0.8337688740445031,155285586527.5373,1.75330912408396,3.0630103129,,38.020951859126974,358462544827.4739,,0.09135412242028906
hbt_typ_125c_2.25v,hbt_typ,125.0,2.25,8,1.0,21200000000.0,45,45,24,24,0,0.5586777338690474,46.63775784523808,1.921576300255448,3.4733706906746025,0.72,0.0017505788281,1.0202822064935024,0.9894237520710953,76.7973746494402,138.84301408468437,175.97371138832068,45.445578808889124,2.9398892746289422,13.024152678989314,MSG,0.1829501966735711,0.8129048302782675,155285586527.5373,1.75330912408396,3.0630103129,,38.020951859126974,358462544827.4739,,0.09135412242028906
hbt_typ_125c_2.25v,hbt_typ,125.0,2.25,8,1.4,17700000000.0,45,45,22,22,0,0.5634930576587299,42.69548394642857,1.8794933707536852,2.7896308041666664,0.71,0.0014059739253,0.8979101551136053,0.8703923699842695,66.60630166006476,163.23040042043104,216.59149507237439,49.40320709169132,3.0794731548759655,13.193835107261203,MSG,0.15598911008849622,0.8810669853678382,134875581023.66559,1.9700921596091658,3.4417279613,,42.69548394642857,370050550775.7148,upper,0.06533784246752908
hbt_typ_125c_2.25v,hbt_typ,125.0,2.25,8,1.4,19450000000.0,45,45,22,22,0,0.5634930576587299,42.69548394642857,1.8794933707536852,3.582195129166666,0.72,0.0018054263451,0.956066310022131,0.9269494841520544,71.41371472505504,155.65810347555527,189.33492601734645,45.14268504871909,2.906572518016672,13.668750398391204,MSG,0.16588568061875797,0.8383897826536078,160224408573.24823,2.5299621175173357,4.4198138803,,42.69548394642857,370050550775.7148,upper,0.08390103116435838
hbt_typ_125c_2.25v,hbt_typ,125.0,2.25,8,1.4,21200000000.0,45,45,22,22,0,0.5634930576587299,42.69548394642857,1.8794933707536852,3.582195129166666,0.72,0.0018054263451,1.014292087162764,0.9835950359860229,76.29180859063715,142.25882793661563,176.61689185340208,45.11356734425861,2.9218550150945837,13.296334405809091,MSG,0.18008632510517392,0.8179485447987537,160224408573.24823,2.5299621175173357,4.4198138803,,42.69548394642857,370050550775.7148,upper,0.08390103116435838
hbt_typ_125c_2.50v,hbt_typ,125.0,2.5,1,0.6,17700000000.0,45,45,25,25,0,0.5534217003333333,44.54525985714285,1.9057453124086656,3.349266928888888,0.72,0.00021100381652,0.9032468080847756,0.8755814190002166,67.04477230656524,1221.1529716469486,1554.797231697071,351.79583950408653,9.05894864730184,13.306469927540745,MSG,0.16587685565489174,0.9933703752461375,141101606942.87277,0.12692887231105918,1.4408781269,,26.884162420634915,294788940179.5329,,0.1245814125240577
hbt_typ_125c_2.50v,hbt_typ,125.0,2.5,1,0.6,19450000000.0,45,45,25,25,0,0.5534217003333333,44.54525985714285,1.9057453124086656,3.349266928888888,0.72,0.00021100381652,0.9636810544627463,0.93435639402196,72.04795883532557,1105.33764495683,1439.653500675377,351.55943230141946,9.057474695690344,12.899238996987563,MSG,0.1821896938596516,0.9922983005213782,141101606942.87277,0.12692887231105918,1.4408781269,,26.884162420634915,294788940179.5329,,0.1245814125240577
hbt_typ_125c_2.50v,hbt_typ,125.0,2.5,1,0.6,21200000000.0,45,45,25,25,0,0.5534217003333333,44.54525985714285,1.9057453124086656,4.217341388412698,0.73,0.00026569250747,1.0237167100008233,0.9927658108412685,77.08756141908195,1052.6813680214873,1270.1781274732364,324.85374954444825,8.760791114094971,13.298147650215537,MSG,0.19457769037702985,0.9900472058289803,163529380403.21628,0.15983876258983407,1.8144662727,,26.884162420634915,294788940179.5329,,0.15687084917980115
hbt_typ_125c_2.50v,hbt_typ,125.0,2.5,1,1.0,17700000000.0,45,45,24,24,0,0.5571003414920634,44.30669121904761,1.9005358938757804,3.4285765579365073,0.72,0.00021600032315,0.8905738875571133,0.8632593008467225,66.00441723922246,1280.041274959961,1581.5681548406335,349.85107985480147,9.037706855688919,13.765525115077132,MSG,0.15436037199303174,0.9938752356884022,147873466350.61295,0.2163359489169848,2.4558144905,,36.23851576190475,343473010437.676,,0.09461139579951429
hbt_typ_125c_2.50v,hbt_typ,125.0,2.5,1,1.0,19450000000.0,45,45,24,24,0,0.5571003414920634,44.30669121904761,1.9005358938757804,3.4285765579365073,0.72,0.00021600032315,0.9490928901833795,0.9201667059441848,70.8338622620828,1158.9949927075388,1466.9434051227263,349.6474772634737,9.03652541111974,13.357912761116872,MSG,0.1695486954512501,0.9929009889839651,147873466350.61295,0.2163359489169848,2.4558144905,,36.23851576190475,343473010437.676,,0.09461139579951429
hbt_typ_125c_2.50v,hbt_typ,125.0,2.5,1,1.0,21200000000.0,45,45,24,24,0,0.5571003414920634,44.30669121904761,1.9005358938757804,3.4285765579365073,0.72,0.00021600032315,1.0083204247644848,0.977784495274408,75.78849391495527,1058.7580046957476,1365.847891206176,349.42138934002156,9.035194707185273,12.98577503103883,MSG,0.18472206540677624,0.9918452418468356,147873466350.61295,0.2163359489169848,2.4558144905,,36.23851576190475,343473010437.676,,0.09461139579951429
hbt_typ_125c_2.50v,hbt_typ,125.0,2.5,1,1.4,17700000000.0,45,45,23,23,0,0.5612306172539682,43.966650392063485,1.8939820246591603,3.5144932598412693,0.72,0.00022141307537,0.8857418338565058,0.8585612667841657,65.60853934889215,1309.5227741345989,1586.3266074461665,347.69399413122915,9.014070017052365,14.019432463595123,MSG,0.1525336223449253,0.9940329133942998,152207818734.00778,0.3102660816417472,3.5220957572,,39.52381708253967,354597184938.4058,,0.08892089679753774
hbt_typ_125c_2.50v,hbt_typ,125.0,2.5,1,1.4,19450000000.0,45,45,23,23,0,0.5612306172539682,43.966650392063485,1.8939820246591603,3.5144932598412693,0.72,0.00022141307537,0.9433130904079605,0.9145451420346794,70.3539666141025,1186.0004183609467,1473.0521363536482,347.5066484621689,9.013037070116754,13.61163669592382,MSG,0.16688003166197016,0.9930969124523379,152207818734.00778,0.3102660816417472,3.5220957572,,39.52381708253967,354597184938.4058,,0.08892089679753774
hbt_typ_125c_2.50v,hbt_typ,125.0,2.5,1,1.4,21200000000.0,45,45,23,23,0,0.5612306172539682,43.966650392063485,1.8939820246591603,3.5144932598412693,0.72,0.00022141307537,1.0016416466355929,0.9712861731013347,75.22640004467728,1083.6032479195403,1372.7876144754925,347.29884980086456,9.011874315738655,13.239297101202222,MSG,0.18126545344811557,0.9920819632858725,152207818734.00778,0.3102660816417472,3.5220957572,,39.52381708253967,354597184938.4058,,0.08892089679753774
hbt_typ_125c_2.50v,hbt_typ,125.0,2.5,4,0.6,17700000000.0,45,45,25,25,0,0.5540158153174602,45.319327035714274,1.9127612896567148,3.365258506626984,0.72,0.00084804514367,0.9107912047397227,0.8829174494321228,67.66555579303271,314.8194391325414,396.4768385413277,90.34379219769276,4.526971652229147,13.319898522295317,MSG,0.16487733742457172,0.9569780247380767,145578061462.75638,0.5101414386702239,1.6630560796,,27.293280079365076,303452169088.593,,0.12329989275166922
hbt_typ_125c_2.50v,hbt_typ,125.0,2.5,4,0.6,19450000000.0,45,45,25,25,0,0.5540158153174602,45.319327035714274,1.9127612896567148,3.365258506626984,0.72,0.00084804514367,0.9712436936216611,0.9417129712997087,72.67896464525799,285.01267462918196,367.2918977242143,90.27854134334446,4.531693561769138,12.912646922762722,MSG,0.181020488281754,0.9501501210510256,145578061462.75638,0.5101414386702239,1.6630560796,,27.293280079365076,303452169088.593,,0.12329989275166922
hbt_typ_125c_2.50v,hbt_typ,125.0,2.5,4,0.6,21200000000.0,45,45,25,25,0,0.5540158153174602,45.319327035714274,1.9127612896567148,3.365258506626984,0.72,0.00084804514367,1.0323163108302968,1.001134252538645,77.81516311307526,260.3564623169911,341.648622154565,90.20551132214335,4.536789031809421,12.540903771694767,MSG,0.1971402408078253,0.9429048992099064,145578061462.75638,0.5101414386702239,1.6630560796,,27.293280079365076,303452169088.593,,0.12329989275166922
hbt_typ_125c_2.50v,hbt_typ,125.0,2.5,4,1.0,17700000000.0,45,45,24,24,0,0.5581135110317459,45.77432819047618,1.9138994428570817,3.457208762777777,0.72,0.00087121660822,0.8982314293511883,0.8707047532601373,66.63268298891548,330.3453293599954,403.018224770144,89.77486370201392,4.507752487130469,13.790238901563272,MSG,0.15369409606540105,0.9606595531115569,152736320339.75876,0.8725735731721841,2.8445815215,,37.36205877341269,353120635224.824,,0.09253260864837486
hbt_typ_125c_2.50v,hbt_typ,125.0,2.5,4,1.0,19450000000.0,45,45,24,24,0,0.5581135110317459,45.77432819047618,1.9138994428570817,3.457208762777777,0.72,0.00087121660822,0.9567049307341391,0.9275706609199195,71.46686374353479,299.17032718476736,374.0505005115265,89.71974680339173,4.512391168976086,13.382592013525574,MSG,0.16876091574160335,0.9544263219259275,152736320339.75876,0.8725735731721841,2.8445815215,,37.36205877341269,353120635224.824,,0.09253260864837486
hbt_typ_125c_2.50v,hbt_typ,125.0,2.5,4,1.0,21200000000.0,45,45,24,24,0,0.5581135110317459,45.77432819047618,1.9138994428570817,3.457208762777777,0.72,0.00087121660822,1.0158912628626504,0.9851511008372698,76.42671079255776,273.3396534132201,348.45052392054737,89.65805643553522,4.517405903532569,13.010417795181063,MSG,0.18380829996342393,0.9477956052771473,152736320339.75876,0.8725735731721841,2.8445815215,,37.36205877341269,353120635224.824,,0.09253260864837486
hbt_typ_125c_2.50v,hbt_typ,125.0,2.5,4,1.4,17700000000.0,45,45,23,23,0,0.56268303015873,46.249553623015856,1.9148437279536275,3.5576404219444435,0.72,0.00089652538633,0.8938934675988714,0.8664868945059276,66.27663735211242,338.17441272720174,403.7599160015543,89.14842188731615,4.48745337424146,14.056070006188024,MSG,0.1521330052255668,0.9618491429251621,157459520298.41907,1.256306694848264,4.0955478451,,41.49729560714285,364268536787.1293,,0.08573186203806672
hbt_typ_125c_2.50v,hbt_typ,125.0,2.5,4,1.4,19450000000.0,45,45,23,23,0,0.56268303015873,46.249553623015856,1.9148437279536275,3.5576404219444435,0.72,0.00089652538633,0.9513727306647464,0.9223841866396114,71.02333268890122,306.3537909553153,375.227780426334,89.09845338959964,4.492094409437415,13.648229994708615,MSG,0.1663901975244203,0.9558261454850066,157459520298.41907,1.256306694848264,4.0955478451,,41.49729560714285,364268536787.1293,,0.08573186203806672
hbt_typ_125c_2.50v,hbt_typ,125.0,2.5,4,1.4,21200000000.0,45,45,23,23,0,0.56268303015873,46.249553623015856,1.9148437279536275,3.5576404219444435,0.72,0.00089652538633,1.0096224254277049,0.9790513482215546,75.89817254979491,279.95548293509825,349.9088897854463,89.04257826449242,4.497118245184195,13.275843331326687,MSG,0.1806822752120906,0.949411553345269,157459520298.41907,1.256306694848264,4.0955478451,,41.49729560714285,364268536787.1293,,0.08573186203806672
hbt_typ_125c_2.50v,hbt_typ,125.0,2.5,8,0.6,17700000000.0,45,44,25,25,1,0.5543462204563492,45.76005329166666,1.9167054307136904,3.3742203285714276,0.72,0.0017006070456,0.9150728904712179,0.8870810371547562,68.01835020420413,159.79424834511585,200.19607207493436,45.81466488191273,2.928420355255948,13.327338325715015,MSG,0.16394560201511607,0.8416509195260935,147925272744.88312,1.023001938361628,1.7871721456,,27.52661485912698,308405091765.5939,,0.12258028623714477
hbt_typ_125c_2.50v,hbt_typ,125.0,2.5,8,0.6,19450000000.0,45,44,25,25,1,0.5543462204563492,45.76005329166666,1.9167054307136904,3.3742203285714276,0.72,0.0017006070456,0.9755417795735901,0.9458941012655946,73.03807512087745,144.6789833623173,185.50318205264412,45.779832370343165,2.9435725750603363,12.920073111852197,MSG,0.17994262326490784,0.8196524010082783,147925272744.88312,1.023001938361628,1.7871721456,,27.52661485912698,308405091765.5939,,0.12258028623714477
hbt_typ_125c_2.50v,hbt_typ,125.0,2.5,8,0.6,21200000000.0,45,44,25,25,1,0.5543462204563492,45.76005329166666,1.9167054307136904,3.3742203285714276,0.72,0.0017006070456,1.0366256114736923,1.0053278856685437,78.18030999355966,132.17284850234267,172.58411890947485,45.740898034826195,2.9600149004095315,12.54831515163312,MSG,0.1959167974720256,0.7975425084299498,147925272744.88312,1.023001938361628,1.7871721456,,27.52661485912698,308405091765.5939,,0.12258028623714477
hbt_typ_125c_2.50v,hbt_typ,125.0,2.5,8,1.0,17700000000.0,45,45,24,24,0,0.5586777338690474,46.63775784523808,1.921576300255448,3.4733706906746025,0.72,0.0017505788281,0.9026385863140269,0.8749900108439264,66.99477231651215,167.76656633500608,203.41315929873386,45.50705580262152,2.9099228056259028,13.80401845604914,MSG,0.15306280158423227,0.8544033201011149,155285586527.5373,1.75330912408396,3.0630103129,,38.020951859126974,358462544827.4739,,0.09135412242028906
hbt_typ_125c_2.50v,hbt_typ,125.0,2.5,8,1.0,19450000000.0,45,45,24,24,0,0.5586777338690474,46.63775784523808,1.921576300255448,3.4733706906746025,0.72,0.0017505788281,0.9611032576548617,0.9318489151504581,71.83312553999704,151.9511603952148,188.85358346913884,45.47805605802322,2.9242896572315806,13.396350077878243,MSG,0.16801600063170566,0.8337688740445031,155285586527.5373,1.75330912408396,3.0630103129,,38.020951859126974,358462544827.4739,,0.09135412242028906
hbt_typ_125c_2.50v,hbt_typ,125.0,2.5,8,1.0,21200000000.0,45,45,24,24,0,0.5586777338690474,46.63775784523808,1.921576300255448,3.4733706906746025,0.72,0.0017505788281,1.0202822064935024,0.9894237520710953,76.7973746494402,138.84301408468437,175.97371138832068,45.445578808889124,2.9398892746289422,13.024152678989314,MSG,0.1829501966735711,0.8129048302782675,155285586527.5373,1.75330912408396,3.0630103129,,38.020951859126974,358462544827.4739,,0.09135412242028906
hbt_typ_125c_2.50v,hbt_typ,125.0,2.5,8,1.4,17700000000.0,45,45,22,22,0,0.5634930576587299,42.69548394642857,1.8794933707536852,2.7896308041666664,0.71,0.0014059739253,0.8979101551136053,0.8703923699842695,66.60630166006476,163.23040042043104,216.59149507237439,49.40320709169132,3.0794731548759655,13.193835107261203,MSG,0.15598911008849622,0.8810669853678382,134875581023.66559,1.9700921596091658,3.4417279613,,42.69548394642857,370050550775.7148,upper,0.06533784246752908
hbt_typ_125c_2.50v,hbt_typ,125.0,2.5,8,1.4,19450000000.0,45,45,22,22,0,0.5634930576587299,42.69548394642857,1.8794933707536852,3.582195129166666,0.72,0.0018054263451,0.956066310022131,0.9269494841520544,71.41371472505504,155.65810347555527,189.33492601734645,45.14268504871909,2.906572518016672,13.668750398391204,MSG,0.16588568061875797,0.8383897826536078,160224408573.24823,2.5299621175173357,4.4198138803,,42.69548394642857,370050550775.7148,upper,0.08390103116435838
hbt_typ_125c_2.50v,hbt_typ,125.0,2.5,8,1.4,21200000000.0,45,45,22,22,0,0.5634930576587299,42.69548394642857,1.8794933707536852,3.582195129166666,0.72,0.0018054263451,1.014292087162764,0.9835950359860229,76.29180859063715,142.25882793661563,176.61689185340208,45.11356734425861,2.9218550150945837,13.296334405809091,MSG,0.18008632510517392,0.8179485447987537,160224408573.24823,2.5299621175173357,4.4198138803,,42.69548394642857,370050550775.7148,upper,0.08390103116435838
hbt_typ_125c_2.75v,hbt_typ,125.0,2.75,1,0.6,17700000000.0,45,45,25,25,0,0.5534217003333333,44.54525985714285,1.9057453124086656,3.349266928888888,0.72,0.00021100381652,0.9032468080847756,0.8755814190002166,67.04477230656524,1221.1529716469486,1554.797231697071,351.79583950408653,9.05894864730184,13.306469927540745,MSG,0.16587685565489174,0.9933703752461375,141101606942.87277,0.12692887231105918,1.4408781269,,26.884162420634915,294788940179.5329,,0.1245814125240577
hbt_typ_125c_2.75v,hbt_typ,125.0,2.75,1,0.6,19450000000.0,45,45,25,25,0,0.5534217003333333,44.54525985714285,1.9057453124086656,3.349266928888888,0.72,0.00021100381652,0.9636810544627463,0.93435639402196,72.04795883532557,1105.33764495683,1439.653500675377,351.55943230141946,9.057474695690344,12.899238996987563,MSG,0.1821896938596516,0.9922983005213782,141101606942.87277,0.12692887231105918,1.4408781269,,26.884162420634915,294788940179.5329,,0.1245814125240577
hbt_typ_125c_2.75v,hbt_typ,125.0,2.75,1,0.6,21200000000.0,45,45,25,25,0,0.5534217003333333,44.54525985714285,1.9057453124086656,4.217341388412698,0.73,0.00026569250747,1.0237167100008233,0.9927658108412685,77.08756141908195,1052.6813680214873,1270.1781274732364,324.85374954444825,8.760791114094971,13.298147650215537,MSG,0.19457769037702985,0.9900472058289803,163529380403.21628,0.15983876258983407,1.8144662727,,26.884162420634915,294788940179.5329,,0.15687084917980115
hbt_typ_125c_2.75v,hbt_typ,125.0,2.75,1,1.0,17700000000.0,45,45,24,24,0,0.5571003414920634,44.30669121904761,1.9005358938757804,3.4285765579365073,0.72,0.00021600032315,0.8905738875571133,0.8632593008467225,66.00441723922246,1280.041274959961,1581.5681548406335,349.85107985480147,9.037706855688919,13.765525115077132,MSG,0.15436037199303174,0.9938752356884022,147873466350.61295,0.2163359489169848,2.4558144905,,36.23851576190475,343473010437.676,,0.09461139579951429
hbt_typ_125c_2.75v,hbt_typ,125.0,2.75,1,1.0,19450000000.0,45,45,24,24,0,0.5571003414920634,44.30669121904761,1.9005358938757804,3.4285765579365073,0.72,0.00021600032315,0.9490928901833795,0.9201667059441848,70.8338622620828,1158.9949927075388,1466.9434051227263,349.6474772634737,9.03652541111974,13.357912761116872,MSG,0.1695486954512501,0.9929009889839651,147873466350.61295,0.2163359489169848,2.4558144905,,36.23851576190475,343473010437.676,,0.09461139579951429
hbt_typ_125c_2.75v,hbt_typ,125.0,2.75,1,1.0,21200000000.0,45,45,24,24,0,0.5571003414920634,44.30669121904761,1.9005358938757804,3.4285765579365073,0.72,0.00021600032315,1.0083204247644848,0.977784495274408,75.78849391495527,1058.7580046957476,1365.847891206176,349.42138934002156,9.035194707185273,12.98577503103883,MSG,0.18472206540677624,0.9918452418468356,147873466350.61295,0.2163359489169848,2.4558144905,,36.23851576190475,343473010437.676,,0.09461139579951429
hbt_typ_125c_2.75v,hbt_typ,125.0,2.75,1,1.4,17700000000.0,45,45,23,23,0,0.5612306172539682,43.966650392063485,1.8939820246591603,3.5144932598412693,0.72,0.00022141307537,0.8857418338565058,0.8585612667841657,65.60853934889215,1309.5227741345989,1586.3266074461665,347.69399413122915,9.014070017052365,14.019432463595123,MSG,0.1525336223449253,0.9940329133942998,152207818734.00778,0.3102660816417472,3.5220957572,,39.52381708253967,354597184938.4058,,0.08892089679753774
hbt_typ_125c_2.75v,hbt_typ,125.0,2.75,1,1.4,19450000000.0,45,45,23,23,0,0.5612306172539682,43.966650392063485,1.8939820246591603,3.5144932598412693,0.72,0.00022141307537,0.9433130904079605,0.9145451420346794,70.3539666141025,1186.0004183609467,1473.0521363536482,347.5066484621689,9.013037070116754,13.61163669592382,MSG,0.16688003166197016,0.9930969124523379,152207818734.00778,0.3102660816417472,3.5220957572,,39.52381708253967,354597184938.4058,,0.08892089679753774
hbt_typ_125c_2.75v,hbt_typ,125.0,2.75,1,1.4,21200000000.0,45,45,23,23,0,0.5612306172539682,43.966650392063485,1.8939820246591603,3.5144932598412693,0.72,0.00022141307537,1.0016416466355929,0.9712861731013347,75.22640004467728,1083.6032479195403,1372.7876144754925,347.29884980086456,9.011874315738655,13.239297101202222,MSG,0.18126545344811557,0.9920819632858725,152207818734.00778,0.3102660816417472,3.5220957572,,39.52381708253967,354597184938.4058,,0.08892089679753774
hbt_typ_125c_2.75v,hbt_typ,125.0,2.75,4,0.6,17700000000.0,45,45,25,25,0,0.5540158153174602,45.319327035714274,1.9127612896567148,3.365258506626984,0.72,0.00084804514367,0.9107912047397227,0.8829174494321228,67.66555579303271,314.8194391325414,396.4768385413277,90.34379219769276,4.526971652229147,13.319898522295317,MSG,0.16487733742457172,0.9569780247380767,145578061462.75638,0.5101414386702239,1.6630560796,,27.293280079365076,303452169088.593,,0.12329989275166922
hbt_typ_125c_2.75v,hbt_typ,125.0,2.75,4,0.6,19450000000.0,45,45,25,25,0,0.5540158153174602,45.319327035714274,1.9127612896567148,3.365258506626984,0.72,0.00084804514367,0.9712436936216611,0.9417129712997087,72.67896464525799,285.01267462918196,367.2918977242143,90.27854134334446,4.531693561769138,12.912646922762722,MSG,0.181020488281754,0.9501501210510256,145578061462.75638,0.5101414386702239,1.6630560796,,27.293280079365076,303452169088.593,,0.12329989275166922
hbt_typ_125c_2.75v,hbt_typ,125.0,2.75,4,0.6,21200000000.0,45,45,25,25,0,0.5540158153174602,45.319327035714274,1.9127612896567148,3.365258506626984,0.72,0.00084804514367,1.0323163108302968,1.001134252538645,77.81516311307526,260.3564623169911,341.648622154565,90.20551132214335,4.536789031809421,12.540903771694767,MSG,0.1971402408078253,0.9429048992099064,145578061462.75638,0.5101414386702239,1.6630560796,,27.293280079365076,303452169088.593,,0.12329989275166922
hbt_typ_125c_2.75v,hbt_typ,125.0,2.75,4,1.0,17700000000.0,45,45,24,24,0,0.5581135110317459,45.77432819047618,1.9138994428570817,3.457208762777777,0.72,0.00087121660822,0.8982314293511883,0.8707047532601373,66.63268298891548,330.3453293599954,403.018224770144,89.77486370201392,4.507752487130469,13.790238901563272,MSG,0.15369409606540105,0.9606595531115569,152736320339.75876,0.8725735731721841,2.8445815215,,37.36205877341269,353120635224.824,,0.09253260864837486
hbt_typ_125c_2.75v,hbt_typ,125.0,2.75,4,1.0,19450000000.0,45,45,24,24,0,0.5581135110317459,45.77432819047618,1.9138994428570817,3.457208762777777,0.72,0.00087121660822,0.9567049307341391,0.9275706609199195,71.46686374353479,299.17032718476736,374.0505005115265,89.71974680339173,4.512391168976086,13.382592013525574,MSG,0.16876091574160335,0.9544263219259275,152736320339.75876,0.8725735731721841,2.8445815215,,37.36205877341269,353120635224.824,,0.09253260864837486
hbt_typ_125c_2.75v,hbt_typ,125.0,2.75,4,1.0,21200000000.0,45,45,24,24,0,0.5581135110317459,45.77432819047618,1.9138994428570817,3.457208762777777,0.72,0.00087121660822,1.0158912628626504,0.9851511008372698,76.42671079255776,273.3396534132201,348.45052392054737,89.65805643553522,4.517405903532569,13.010417795181063,MSG,0.18380829996342393,0.9477956052771473,152736320339.75876,0.8725735731721841,2.8445815215,,37.36205877341269,353120635224.824,,0.09253260864837486
hbt_typ_125c_2.75v,hbt_typ,125.0,2.75,4,1.4,17700000000.0,45,45,23,23,0,0.56268303015873,46.249553623015856,1.9148437279536275,3.5576404219444435,0.72,0.00089652538633,0.8938934675988714,0.8664868945059276,66.27663735211242,338.17441272720174,403.7599160015543,89.14842188731615,4.48745337424146,14.056070006188024,MSG,0.1521330052255668,0.9618491429251621,157459520298.41907,1.256306694848264,4.0955478451,,41.49729560714285,364268536787.1293,,0.08573186203806672
hbt_typ_125c_2.75v,hbt_typ,125.0,2.75,4,1.4,19450000000.0,45,45,23,23,0,0.56268303015873,46.249553623015856,1.9148437279536275,3.5576404219444435,0.72,0.00089652538633,0.9513727306647464,0.9223841866396114,71.02333268890122,306.3537909553153,375.227780426334,89.09845338959964,4.492094409437415,13.648229994708615,MSG,0.1663901975244203,0.9558261454850066,157459520298.41907,1.256306694848264,4.0955478451,,41.49729560714285,364268536787.1293,,0.08573186203806672
hbt_typ_125c_2.75v,hbt_typ,125.0,2.75,4,1.4,21200000000.0,45,45,23,23,0,0.56268303015873,46.249553623015856,1.9148437279536275,3.5576404219444435,0.72,0.00089652538633,1.0096224254277049,0.9790513482215546,75.89817254979491,279.95548293509825,349.9088897854463,89.04257826449242,4.497118245184195,13.275843331326687,MSG,0.1806822752120906,0.949411553345269,157459520298.41907,1.256306694848264,4.0955478451,,41.49729560714285,364268536787.1293,,0.08573186203806672
hbt_typ_125c_2.75v,hbt_typ,125.0,2.75,8,0.6,17700000000.0,45,44,25,25,1,0.5543462204563492,45.76005329166666,1.9167054307136904,3.3742203285714276,0.72,0.0017006070456,0.9150728904712179,0.8870810371547562,68.01835020420413,159.79424834511585,200.19607207493436,45.81466488191273,2.928420355255948,13.327338325715015,MSG,0.16394560201511607,0.8416509195260935,147925272744.88312,1.023001938361628,1.7871721456,,27.52661485912698,308405091765.5939,,0.12258028623714477
hbt_typ_125c_2.75v,hbt_typ,125.0,2.75,8,0.6,19450000000.0,45,44,25,25,1,0.5543462204563492,45.76005329166666,1.9167054307136904,3.3742203285714276,0.72,0.0017006070456,0.9755417795735901,0.9458941012655946,73.03807512087745,144.6789833623173,185.50318205264412,45.779832370343165,2.9435725750603363,12.920073111852197,MSG,0.17994262326490784,0.8196524010082783,147925272744.88312,1.023001938361628,1.7871721456,,27.52661485912698,308405091765.5939,,0.12258028623714477
hbt_typ_125c_2.75v,hbt_typ,125.0,2.75,8,0.6,21200000000.0,45,44,25,25,1,0.5543462204563492,45.76005329166666,1.9167054307136904,3.3742203285714276,0.72,0.0017006070456,1.0366256114736923,1.0053278856685437,78.18030999355966,132.17284850234267,172.58411890947485,45.740898034826195,2.9600149004095315,12.54831515163312,MSG,0.1959167974720256,0.7975425084299498,147925272744.88312,1.023001938361628,1.7871721456,,27.52661485912698,308405091765.5939,,0.12258028623714477
hbt_typ_125c_2.75v,hbt_typ,125.0,2.75,8,1.0,17700000000.0,45,45,24,24,0,0.5586777338690474,46.63775784523808,1.921576300255448,3.4733706906746025,0.72,0.0017505788281,0.9026385863140269,0.8749900108439264,66.99477231651215,167.76656633500608,203.41315929873386,45.50705580262152,2.9099228056259028,13.80401845604914,MSG,0.15306280158423227,0.8544033201011149,155285586527.5373,1.75330912408396,3.0630103129,,38.020951859126974,358462544827.4739,,0.09135412242028906
hbt_typ_125c_2.75v,hbt_typ,125.0,2.75,8,1.0,19450000000.0,45,45,24,24,0,0.5586777338690474,46.63775784523808,1.921576300255448,3.4733706906746025,0.72,0.0017505788281,0.9611032576548617,0.9318489151504581,71.83312553999704,151.9511603952148,188.85358346913884,45.47805605802322,2.9242896572315806,13.396350077878243,MSG,0.16801600063170566,0.8337688740445031,155285586527.5373,1.75330912408396,3.0630103129,,38.020951859126974,358462544827.4739,,0.09135412242028906
hbt_typ_125c_2.75v,hbt_typ,125.0,2.75,8,1.0,21200000000.0,45,45,24,24,0,0.5586777338690474,46.63775784523808,1.921576300255448,3.4733706906746025,0.72,0.0017505788281,1.0202822064935024,0.9894237520710953,76.7973746494402,138.84301408468437,175.97371138832068,45.445578808889124,2.9398892746289422,13.024152678989314,MSG,0.1829501966735711,0.8129048302782675,155285586527.5373,1.75330912408396,3.0630103129,,38.020951859126974,358462544827.4739,,0.09135412242028906
hbt_typ_125c_2.75v,hbt_typ,125.0,2.75,8,1.4,17700000000.0,45,45,22,22,0,0.5634930576587299,42.69548394642857,1.8794933707536852,2.7896308041666664,0.71,0.0014059739253,0.8979101551136053,0.8703923699842695,66.60630166006476,163.23040042043104,216.59149507237439,49.40320709169132,3.0794731548759655,13.193835107261203,MSG,0.15598911008849622,0.8810669853678382,134875581023.66559,1.9700921596091658,3.4417279613,,42.69548394642857,370050550775.7148,upper,0.06533784246752908
hbt_typ_125c_2.75v,hbt_typ,125.0,2.75,8,1.4,19450000000.0,45,45,22,22,0,0.5634930576587299,42.69548394642857,1.8794933707536852,3.582195129166666,0.72,0.0018054263451,0.956066310022131,0.9269494841520544,71.41371472505504,155.65810347555527,189.33492601734645,45.14268504871909,2.906572518016672,13.668750398391204,MSG,0.16588568061875797,0.8383897826536078,160224408573.24823,2.5299621175173357,4.4198138803,,42.69548394642857,370050550775.7148,upper,0.08390103116435838
hbt_typ_125c_2.75v,hbt_typ,125.0,2.75,8,1.4,21200000000.0,45,45,22,22,0,0.5634930576587299,42.69548394642857,1.8794933707536852,3.582195129166666,0.72,0.0018054263451,1.014292087162764,0.9835950359860229,76.29180859063715,142.25882793661563,176.61689185340208,45.11356734425861,2.9218550150945837,13.296334405809091,MSG,0.18008632510517392,0.8179485447987537,160224408573.24823,2.5299621175173357,4.4198138803,,42.69548394642857,370050550775.7148,upper,0.08390103116435838
hbt_typ_27c_2.25v,hbt_typ,27.0,2.25,1,0.6,17700000000.0,45,45,32,23,0,0.26108478507936506,43.94684462698412,2.2261461345796447,2.981609641428571,0.81,0.00018784140741,0.6024491159223699,0.5833845620654926,43.1523718142327,1315.6563553122319,1676.9570580847912,247.79026791103277,7.7552671312450965,14.116800661631064,MSG,0.14364541256555896,0.9944424057866483,171744733096.68515,0.11289656227956209,1.2816170848,,28.545065114285705,384690282579.9227,,0.10445271816655938
hbt_typ_27c_2.25v,hbt_typ,27.0,2.25,1,0.6,19450000000.0,45,45,32,23,0,0.26108478507936506,43.94684462698412,2.2261461345796447,4.0168092588888875,0.82,0.00025305898331,0.6457442700546141,0.6254058340199599,46.49020358685683,1258.8407100289617,1458.2574930184835,226.91351067562547,7.441152079133968,14.677074704388065,MSG,0.153627198325204,0.9925729343902849,207317408371.73,0.1521002959511492,1.7266895885,,28.545065114285705,384690282579.9227,,0.14071816766950127
hbt_typ_27c_2.25v,hbt_typ,27.0,2.25,1,0.6,21200000000.0,45,45,32,23,0,0.26108478507936506,43.94684462698412,2.2261461345796447,4.0168092588888875,0.82,0.00025305898331,0.6871145688492699,0.6655703497396386,49.7108787796843,1151.6338138652447,1360.5141607611708,226.81991070617636,7.440570846346214,14.304030086060582,MSG,0.1673898040837854,0.9914294765667186,207317408371.73,0.1521002959511492,1.7266895885,,28.545065114285705,384690282579.9227,,0.14071816766950127
hbt_typ_27c_2.25v,hbt_typ,27.0,2.25,1,1.0,17700000000.0,45,45,31,22,0,0.262386478095238,43.55254773650792,2.2200721152250553,3.060540606825396,0.81,0.00019281405823,0.5966095231481889,0.5777177340567861,42.70471086241079,1366.8178932650164,1696.0920784314906,246.38803254812603,7.734717378339624,14.475671162880543,MSG,0.13621738063262645,0.9947604909543638,178162935815.03815,0.1930117800296563,2.1911144343,,39.16269054126983,416660074633.6985,,0.07814939587973875
hbt_typ_27c_2.25v,hbt_typ,27.0,2.25,1,1.0,19450000000.0,45,45,31,22,0,0.262386478095238,43.55254773650792,2.2200721152250553,3.060540606825396,0.81,0.00019281405823,0.6391819199401967,0.6190357776039708,45.98213840359623,1238.3701821185277,1568.6937920011085,246.26916932519245,7.733735159492479,14.067552913740766,MSG,0.1496317470028525,0.9938856028160281,178162935815.03815,0.1930117800296563,2.1911144343,,39.16269054126983,416660074633.6985,,0.07814939587973875
hbt_typ_27c_2.25v,hbt_typ,27.0,2.25,1,1.0,21200000000.0,45,45,31,22,0,0.262386478095238,43.55254773650792,2.2200721152250553,4.146575963015872,0.82,0.00026123428567,0.6819129140221509,0.6605196906710914,49.30424203827608,1195.6987054734257,1371.2464430947948,225.54168767295403,7.4204409202004085,14.681515275479377,MSG,0.15889595256917427,0.9919167627335407,215824374301.9685,0.2615100157746558,2.9688149991,,39.16269054126983,416660074633.6985,,0.10588077340207742
hbt_typ_27c_2.25v,hbt_typ,27.0,2.25,1,1.4,17700000000.0,45,45,30,21,0,0.2637654551587301,43.10841455555555,2.2133441343899625,3.145604993809523,0.81,0.00019817311461,0.5941178406169518,0.575299836771525,42.51388256821115,1397.0992500179593,1699.8539843131334,244.8899354722031,7.712655162130298,14.709119685061523,MSG,0.1334951659089065,0.9949108019360409,183608124767.86893,0.2776205532377343,3.1516362728,,38.332571703174594,426056741964.1896,,0.08206089114414969
hbt_typ_27c_2.25v,hbt_typ,27.0,2.25,1,1.4,19450000000.0,45,45,30,21,0,0.2637654551587301,43.10841455555555,2.2133441343899625,3.145604993809523,0.81,0.00019817311461,0.6361043391806932,0.6160484750564841,45.74413264401824,1266.0781447523452,1573.7727364945981,244.78024422036108,7.711791504974396,14.300867847986265,MSG,0.146385344917112,0.9940642877443537,183608124767.86893,0.2776205532377343,3.1516362728,,38.332571703174594,426056741964.1896,,0.08206089114414969
hbt_typ_27c_2.25v,hbt_typ,27.0,2.25,1,1.4,21200000000.0,45,45,30,21,0,0.2637654551587301,43.10841455555555,2.2133441343899625,3.145604993809523,0.81,0.00019817311461,0.6786142902684513,0.6573169117397779,49.046626034339276,1157.4524406765704,1463.2101059444005,244.65872063128288,7.710823297466671,13.928031107976253,MSG,0.15928506678514806,0.9931462598049563,183608124767.86893,0.2776205532377343,3.1516362728,,38.332571703174594,426056741964.1896,,0.08206089114414969
hbt_typ_27c_2.25v,hbt_typ,27.0,2.25,4,0.6,17700000000.0,45,45,32,23,0,0.26126878041269835,44.783281218253954,2.2340283926391846,2.997707535555555,0.81,0.00075542229896,0.6062893029446894,0.5871112596895776,43.44708732777929,338.4151877269866,428.1009992854835,63.594821088334704,3.594342819077268,14.132111729920545,MSG,0.14257420558043246,0.9599122839571702,176935429919.01535,0.4540255994212698,1.4801860707,,29.028326598015866,398155554396.5922,,0.10326835497849378
hbt_typ_27c_2.25v,hbt_typ,27.0,2.25,4,0.6,19450000000.0,45,45,32,23,0,0.26126878041269835,44.783281218253954,2.2340283926391846,2.997707535555555,0.81,0.00075542229896,0.6497826544153125,0.6293260234721885,46.8032420479003,306.55446977081596,395.60497094881435,63.558419335568736,3.597792901508731,13.724198250466934,MSG,0.1565587690181169,0.9532800847820829,176935429919.01535,0.4540255994212698,1.4801860707,,29.028326598015866,398155554396.5922,,0.10326835497849378
hbt_typ_27c_2.25v,hbt_typ,27.0,2.25,4,0.6,21200000000.0,45,45,32,23,0,0.26126878041269835,44.783281218253954,2.2340283926391846,4.043493674999999,0.82,0.0010189604061,0.6925407613674086,0.6708392155543363,50.13558799028821,295.8917633411533,347.18367398699377,58.316551319440514,3.3992956564536203,14.321153206482915,MSG,0.16638975071369266,0.9352169687455121,214188275498.30438,0.6124453207613318,1.9967040705,,29.028326598015866,398155554396.5922,,0.13929475615299086
hbt_typ_27c_2.25v,hbt_typ,27.0,2.25,4,1.0,17700000000.0,45,45,31,22,0,0.26269800573015867,45.096929694444434,2.234690199234253,3.0895041924206343,0.81,0.00077855505649,0.6005930412453818,0.5815833750523545,43.01002057791918,351.91864269592855,432.672873336406,63.18541727871393,3.5778877255447554,14.502991355788307,MSG,0.13538275890193388,0.962432964278017,184666789679.86047,0.7793556480967975,2.5408182653,,36.10700809325396,430035471678.79395,,0.08556522280775351
hbt_typ_27c_2.25v,hbt_typ,27.0,2.25,4,1.0,19450000000.0,45,45,31,22,0,0.26269800573015867,45.096929694444434,2.234690199234253,3.0895041924206343,0.81,0.00077855505649,0.6430657953127656,0.6228058113963983,46.28274006215964,318.8731992635216,400.4039938364342,63.15361908689768,3.5813063305139443,14.094841376172083,MSG,0.1486776623335967,0.9562066951158381,184666789679.86047,0.7793556480967975,2.5408182653,,36.10700809325396,430035471678.79395,,0.08556522280775351
hbt_typ_27c_2.25v,hbt_typ,27.0,2.25,4,1.0,21200000000.0,45,45,31,22,0,0.26269800573015867,45.096929694444434,2.234690199234253,3.0895041924206343,0.81,0.00077855505649,0.6860383342099029,0.6645253420725046,49.626704715091634,291.4911779407871,372.144940335454,63.11809241585631,3.5850087555281918,13.722117184572971,MSG,0.16195763622028014,0.9495790059764506,184666789679.86047,0.7793556480967975,2.5408182653,,36.10700809325396,430035471678.79395,,0.08556522280775351
hbt_typ_27c_2.25v,hbt_typ,27.0,2.25,4,1.4,17700000000.0,45,45,30,21,0,0.2642084512103174,45.52382455158729,2.2362920356697664,3.1895117225793643,0.81,0.00080375695409,0.59844605350736,0.5794999062334159,42.84543369896009,359.97820122275516,433.14500006165275,62.748637913950446,3.560669030569029,14.749444584454787,MSG,0.1328436450348868,0.9635032820605666,190665475327.4955,1.1259861266424438,3.6708829157,,40.394756543650786,438448092007.43787,,0.07895855787948025
hbt_typ_27c_2.25v,hbt_typ,27.0,2.25,4,1.4,19450000000.0,45,45,30,21,0,0.2642084512103174,45.52382455158729,2.2362920356697664,3.1895117225793643,0.81,0.00080375695409,0.6402976993194297,0.6201188418799226,46.068469250169564,326.2565638019016,401.3077296896189,62.7196598480326,3.5640963563920613,14.341152829008665,MSG,0.14563970480695076,0.9574395955504753,190665475327.4955,1.1259861266424438,3.6708829157,,40.394756543650786,438448092007.43787,,0.07895855787948025
hbt_typ_27c_2.25v,hbt_typ,27.0,2.25,4,1.4,21200000000.0,45,45,30,21,0,0.2642084512103174,45.52382455158729,2.2362920356697664,3.1895117225793643,0.81,0.00080375695409,0.6826868029424088,0.6612711037072284,49.36470957846767,298.28639059789026,373.3275348048287,62.68730838640739,3.5678121851075333,13.968273543694416,MSG,0.1584421148027751,0.950978851229412,190665475327.4955,1.1259861266424438,3.6708829157,,40.394756543650786,438448092007.43787,,0.07895855787948025
hbt_typ_27c_2.25v,hbt_typ,27.0,2.25,8,0.6,17700000000.0,45,45,32,23,0,0.2613709992460317,45.26049981150793,2.2384619473400806,3.006732140674602,0.81,0.0015153929989,0.6085633290771987,0.5893181272147922,43.62173056556179,171.58682864075115,216.2799077580034,32.23799301967053,2.23030997661448,14.140603347176988,MSG,0.1416633546037457,0.840613884379694,179951943528.40482,0.910786249315644,1.5911666585,,29.304482569444442,405920449639.94464,,0.10260314726763675
hbt_typ_27c_2.25v,hbt_typ,27.0,2.25,8,0.6,19450000000.0,45,45,32,23,0,0.2613709992460317,45.26049981150793,2.2384619473400806,3.006732140674602,0.81,0.0015153929989,0.6520399170822517,0.6315172673379634,46.97834235947342,155.43765138230438,199.90544023448763,32.218788348588696,2.2409906391232854,13.732676382189524,MSG,0.15551825467619718,0.8178715821767238,179951943528.40482,0.910786249315644,1.5911666585,,29.304482569444442,405920449639.94464,,0.10260314726763675
hbt_typ_27c_2.25v,hbt_typ,27.0,2.25,8,0.6,21200000000.0,45,45,32,23,0,0.2613709992460317,45.26049981150793,2.2384619473400806,4.058484719047619,0.82,0.0020454762984,0.6956326639920196,0.6738415570678067,50.37782928274683,149.951670772074,175.36451303599216,29.58620464850857,2.112781230636721,14.33066017878051,MSG,0.16541454320333696,0.7544442488113118,217822704358.2942,1.229434582140602,2.1478824138,,29.304482569444442,405920449639.94464,,0.13849364886173998
hbt_typ_27c_2.25v,hbt_typ,27.0,2.25,8,1.0,17700000000.0,45,45,31,22,0,0.2628712194841269,46.0149196329365,2.243155627971023,3.1058776103174597,0.81,0.0015653623156,0.6029792899603457,0.5838990620266591,43.193044566751,178.52685424460313,218.49518479144334,32.01650021765514,2.2162781529996853,14.518242492574323,MSG,0.13468466377816699,0.849557849052217,188108033862.94992,1.566974503227922,2.7375570502,,36.78651365873015,437719075563.9293,,0.08442978965418689
hbt_typ_27c_2.25v,hbt_typ,27.0,2.25,8,1.0,19450000000.0,45,45,31,22,0,0.2628712194841269,46.0149196329365,2.243155627971023,3.1058776103174597,0.81,0.0015653623156,0.6454157405634746,0.6250869245807801,46.46475017245428,161.77020322876703,202.25890622217076,31.9999155269735,2.226538735465065,14.110073182864602,MSG,0.14787290520300234,0.8277478984173136,188108033862.94992,1.566974503227922,2.7375570502,,36.78651365873015,437719075563.9293,,0.08442978965418689
hbt_typ_27c_2.25v,hbt_typ,27.0,2.25,8,1.0,21200000000.0,45,45,31,22,0,0.2628712194841269,46.0149196329365,2.243155627971023,3.1058776103174597,0.81,0.0015653623156,0.6883556442462991,0.6667754246332689,49.807971208432534,147.88303609182915,188.02767550188355,31.98136041560727,2.237698668671042,13.73732820152517,MSG,0.16104682715514315,0.8057327822688003,188108033862.94992,1.566974503227922,2.7375570502,,36.78651365873015,437719075563.9293,,0.08442978965418689
hbt_typ_27c_2.25v,hbt_typ,27.0,2.25,8,1.4,17700000000.0,45,45,30,21,0,0.26445499932539673,47.01467637896825,2.249881669582964,3.2146128523809514,0.81,0.0016201648776,0.601053861572165,0.5820305659198942,43.045357413803984,182.68881291285115,218.58728479385616,31.779957892356766,2.2025514593278968,14.772137527381627,MSG,0.13230453266781383,0.8530241172320053,194417598443.379,2.269699260543411,3.9656982883,,36.57640432936507,445736495079.21985,,0.0878876125557297
hbt_typ_27c_2.25v,hbt_typ,27.0,2.25,8,1.4,19450000000.0,45,45,30,21,0,0.26445499932539673,47.01467637896825,2.249881669582964,3.2146128523809514,0.81,0.0016201648776,0.6428516025200469,0.622597894306397,46.266155102867195,165.58532308822035,202.59688669968372,31.764989186855953,2.212615811350554,14.363821547586094,MSG,0.14501022277755604,0.831550047876091,194417598443.379,2.269699260543411,3.9656982883,,36.57640432936507,445736495079.21985,,0.0878876125557297
hbt_typ_27c_2.25v,hbt_typ,27.0,2.25,8,1.4,21200000000.0,45,45,30,21,0,0.26445499932539673,47.01467637896825,2.249881669582964,3.2146128523809514,0.81,0.0016201648776,0.6851938124905788,0.6637053294317957,49.56066790023931,151.3955041313143,188.52749350406805,31.74823903665839,2.2235655549465516,13.990916238347562,MSG,0.15772286546911163,0.8098373381607155,194417598443.379,2.269699260543411,3.9656982883,,36.57640432936507,445736495079.21985,,0.0878876125557297
hbt_typ_27c_2.50v,hbt_typ,27.0,2.5,1,0.6,17700000000.0,45,45,32,23,0,0.26108478507936506,43.94684462698412,2.2261461345796447,2.981609641428571,0.81,0.00018784140741,0.6024491159223699,0.5833845620654926,43.1523718142327,1315.6563553122319,1676.9570580847912,247.79026791103277,7.7552671312450965,14.116800661631064,MSG,0.14364541256555896,0.9944424057866483,171744733096.68515,0.11289656227956209,1.2816170848,,28.545065114285705,384690282579.9227,,0.10445271816655938
hbt_typ_27c_2.50v,hbt_typ,27.0,2.5,1,0.6,19450000000.0,45,45,32,23,0,0.26108478507936506,43.94684462698412,2.2261461345796447,4.0168092588888875,0.82,0.00025305898331,0.6457442700546141,0.6254058340199599,46.49020358685683,1258.8407100289617,1458.2574930184835,226.91351067562547,7.441152079133968,14.677074704388065,MSG,0.153627198325204,0.9925729343902849,207317408371.73,0.1521002959511492,1.7266895885,,28.545065114285705,384690282579.9227,,0.14071816766950127
hbt_typ_27c_2.50v,hbt_typ,27.0,2.5,1,0.6,21200000000.0,45,45,32,23,0,0.26108478507936506,43.94684462698412,2.2261461345796447,4.0168092588888875,0.82,0.00025305898331,0.6871145688492699,0.6655703497396386,49.7108787796843,1151.6338138652447,1360.5141607611708,226.81991070617636,7.440570846346214,14.304030086060582,MSG,0.1673898040837854,0.9914294765667186,207317408371.73,0.1521002959511492,1.7266895885,,28.545065114285705,384690282579.9227,,0.14071816766950127
hbt_typ_27c_2.50v,hbt_typ,27.0,2.5,1,1.0,17700000000.0,45,45,31,22,0,0.262386478095238,43.55254773650792,2.2200721152250553,3.060540606825396,0.81,0.00019281405823,0.5966095231481889,0.5777177340567861,42.70471086241079,1366.8178932650164,1696.0920784314906,246.38803254812603,7.734717378339624,14.475671162880543,MSG,0.13621738063262645,0.9947604909543638,178162935815.03815,0.1930117800296563,2.1911144343,,39.16269054126983,416660074633.6985,,0.07814939587973875
hbt_typ_27c_2.50v,hbt_typ,27.0,2.5,1,1.0,19450000000.0,45,45,31,22,0,0.262386478095238,43.55254773650792,2.2200721152250553,3.060540606825396,0.81,0.00019281405823,0.6391819199401967,0.6190357776039708,45.98213840359623,1238.3701821185277,1568.6937920011085,246.26916932519245,7.733735159492479,14.067552913740766,MSG,0.1496317470028525,0.9938856028160281,178162935815.03815,0.1930117800296563,2.1911144343,,39.16269054126983,416660074633.6985,,0.07814939587973875
hbt_typ_27c_2.50v,hbt_typ,27.0,2.5,1,1.0,21200000000.0,45,45,31,22,0,0.262386478095238,43.55254773650792,2.2200721152250553,4.146575963015872,0.82,0.00026123428567,0.6819129140221509,0.6605196906710914,49.30424203827608,1195.6987054734257,1371.2464430947948,225.54168767295403,7.4204409202004085,14.681515275479377,MSG,0.15889595256917427,0.9919167627335407,215824374301.9685,0.2615100157746558,2.9688149991,,39.16269054126983,416660074633.6985,,0.10588077340207742
hbt_typ_27c_2.50v,hbt_typ,27.0,2.5,1,1.4,17700000000.0,45,45,30,21,0,0.2637654551587301,43.10841455555555,2.2133441343899625,3.145604993809523,0.81,0.00019817311461,0.5941178406169518,0.575299836771525,42.51388256821115,1397.0992500179593,1699.8539843131334,244.8899354722031,7.712655162130298,14.709119685061523,MSG,0.1334951659089065,0.9949108019360409,183608124767.86893,0.2776205532377343,3.1516362728,,38.332571703174594,426056741964.1896,,0.08206089114414969
hbt_typ_27c_2.50v,hbt_typ,27.0,2.5,1,1.4,19450000000.0,45,45,30,21,0,0.2637654551587301,43.10841455555555,2.2133441343899625,3.145604993809523,0.81,0.00019817311461,0.6361043391806932,0.6160484750564841,45.74413264401824,1266.0781447523452,1573.7727364945981,244.78024422036108,7.711791504974396,14.300867847986265,MSG,0.146385344917112,0.9940642877443537,183608124767.86893,0.2776205532377343,3.1516362728,,38.332571703174594,426056741964.1896,,0.08206089114414969
hbt_typ_27c_2.50v,hbt_typ,27.0,2.5,1,1.4,21200000000.0,45,45,30,21,0,0.2637654551587301,43.10841455555555,2.2133441343899625,3.145604993809523,0.81,0.00019817311461,0.6786142902684513,0.6573169117397779,49.046626034339276,1157.4524406765704,1463.2101059444005,244.65872063128288,7.710823297466671,13.928031107976253,MSG,0.15928506678514806,0.9931462598049563,183608124767.86893,0.2776205532377343,3.1516362728,,38.332571703174594,426056741964.1896,,0.08206089114414969
hbt_typ_27c_2.50v,hbt_typ,27.0,2.5,4,0.6,17700000000.0,45,45,32,23,0,0.26126878041269835,44.783281218253954,2.2340283926391846,2.997707535555555,0.81,0.00075542229896,0.6062893029446894,0.5871112596895776,43.44708732777929,338.4151877269866,428.1009992854835,63.594821088334704,3.594342819077268,14.132111729920545,MSG,0.14257420558043246,0.9599122839571702,176935429919.01535,0.4540255994212698,1.4801860707,,29.028326598015866,398155554396.5922,,0.10326835497849378
hbt_typ_27c_2.50v,hbt_typ,27.0,2.5,4,0.6,19450000000.0,45,45,32,23,0,0.26126878041269835,44.783281218253954,2.2340283926391846,2.997707535555555,0.81,0.00075542229896,0.6497826544153125,0.6293260234721885,46.8032420479003,306.55446977081596,395.60497094881435,63.558419335568736,3.597792901508731,13.724198250466934,MSG,0.1565587690181169,0.9532800847820829,176935429919.01535,0.4540255994212698,1.4801860707,,29.028326598015866,398155554396.5922,,0.10326835497849378
hbt_typ_27c_2.50v,hbt_typ,27.0,2.5,4,0.6,21200000000.0,45,45,32,23,0,0.26126878041269835,44.783281218253954,2.2340283926391846,4.043493674999999,0.82,0.0010189604061,0.6925407613674086,0.6708392155543363,50.13558799028821,295.8917633411533,347.18367398699377,58.316551319440514,3.3992956564536203,14.321153206482915,MSG,0.16638975071369266,0.9352169687455121,214188275498.30438,0.6124453207613318,1.9967040705,,29.028326598015866,398155554396.5922,,0.13929475615299086
hbt_typ_27c_2.50v,hbt_typ,27.0,2.5,4,1.0,17700000000.0,45,45,31,22,0,0.26269800573015867,45.096929694444434,2.234690199234253,3.0895041924206343,0.81,0.00077855505649,0.6005930412453818,0.5815833750523545,43.01002057791918,351.91864269592855,432.672873336406,63.18541727871393,3.5778877255447554,14.502991355788307,MSG,0.13538275890193388,0.962432964278017,184666789679.86047,0.7793556480967975,2.5408182653,,36.10700809325396,430035471678.79395,,0.08556522280775351
hbt_typ_27c_2.50v,hbt_typ,27.0,2.5,4,1.0,19450000000.0,45,45,31,22,0,0.26269800573015867,45.096929694444434,2.234690199234253,3.0895041924206343,0.81,0.00077855505649,0.6430657953127656,0.6228058113963983,46.28274006215964,318.8731992635216,400.4039938364342,63.15361908689768,3.5813063305139443,14.094841376172083,MSG,0.1486776623335967,0.9562066951158381,184666789679.86047,0.7793556480967975,2.5408182653,,36.10700809325396,430035471678.79395,,0.08556522280775351
hbt_typ_27c_2.50v,hbt_typ,27.0,2.5,4,1.0,21200000000.0,45,45,31,22,0,0.26269800573015867,45.096929694444434,2.234690199234253,3.0895041924206343,0.81,0.00077855505649,0.6860383342099029,0.6645253420725046,49.626704715091634,291.4911779407871,372.144940335454,63.11809241585631,3.5850087555281918,13.722117184572971,MSG,0.16195763622028014,0.9495790059764506,184666789679.86047,0.7793556480967975,2.5408182653,,36.10700809325396,430035471678.79395,,0.08556522280775351
hbt_typ_27c_2.50v,hbt_typ,27.0,2.5,4,1.4,17700000000.0,45,45,30,21,0,0.2642084512103174,45.52382455158729,2.2362920356697664,3.1895117225793643,0.81,0.00080375695409,0.59844605350736,0.5794999062334159,42.84543369896009,359.97820122275516,433.14500006165275,62.748637913950446,3.560669030569029,14.749444584454787,MSG,0.1328436450348868,0.9635032820605666,190665475327.4955,1.1259861266424438,3.6708829157,,40.394756543650786,438448092007.43787,,0.07895855787948025
hbt_typ_27c_2.50v,hbt_typ,27.0,2.5,4,1.4,19450000000.0,45,45,30,21,0,0.2642084512103174,45.52382455158729,2.2362920356697664,3.1895117225793643,0.81,0.00080375695409,0.6402976993194297,0.6201188418799226,46.068469250169564,326.2565638019016,401.3077296896189,62.7196598480326,3.5640963563920613,14.341152829008665,MSG,0.14563970480695076,0.9574395955504753,190665475327.4955,1.1259861266424438,3.6708829157,,40.394756543650786,438448092007.43787,,0.07895855787948025
hbt_typ_27c_2.50v,hbt_typ,27.0,2.5,4,1.4,21200000000.0,45,45,30,21,0,0.2642084512103174,45.52382455158729,2.2362920356697664,3.1895117225793643,0.81,0.00080375695409,0.6826868029424088,0.6612711037072284,49.36470957846767,298.28639059789026,373.3275348048287,62.68730838640739,3.5678121851075333,13.968273543694416,MSG,0.1584421148027751,0.950978851229412,190665475327.4955,1.1259861266424438,3.6708829157,,40.394756543650786,438448092007.43787,,0.07895855787948025
hbt_typ_27c_2.50v,hbt_typ,27.0,2.5,8,0.6,17700000000.0,45,45,32,23,0,0.2613709992460317,45.26049981150793,2.2384619473400806,3.006732140674602,0.81,0.0015153929989,0.6085633290771987,0.5893181272147922,43.62173056556179,171.58682864075115,216.2799077580034,32.23799301967053,2.23030997661448,14.140603347176988,MSG,0.1416633546037457,0.840613884379694,179951943528.40482,0.910786249315644,1.5911666585,,29.304482569444442,405920449639.94464,,0.10260314726763675
hbt_typ_27c_2.50v,hbt_typ,27.0,2.5,8,0.6,19450000000.0,45,45,32,23,0,0.2613709992460317,45.26049981150793,2.2384619473400806,3.006732140674602,0.81,0.0015153929989,0.6520399170822517,0.6315172673379634,46.97834235947342,155.43765138230438,199.90544023448763,32.218788348588696,2.2409906391232854,13.732676382189524,MSG,0.15551825467619718,0.8178715821767238,179951943528.40482,0.910786249315644,1.5911666585,,29.304482569444442,405920449639.94464,,0.10260314726763675
hbt_typ_27c_2.50v,hbt_typ,27.0,2.5,8,0.6,21200000000.0,45,45,32,23,0,0.2613709992460317,45.26049981150793,2.2384619473400806,4.058484719047619,0.82,0.0020454762984,0.6956326639920196,0.6738415570678067,50.37782928274683,149.951670772074,175.36451303599216,29.58620464850857,2.112781230636721,14.33066017878051,MSG,0.16541454320333696,0.7544442488113118,217822704358.2942,1.229434582140602,2.1478824138,,29.304482569444442,405920449639.94464,,0.13849364886173998
hbt_typ_27c_2.50v,hbt_typ,27.0,2.5,8,1.0,17700000000.0,45,45,31,22,0,0.2628712194841269,46.0149196329365,2.243155627971023,3.1058776103174597,0.81,0.0015653623156,0.6029792899603457,0.5838990620266591,43.193044566751,178.52685424460313,218.49518479144334,32.01650021765514,2.2162781529996853,14.518242492574323,MSG,0.13468466377816699,0.849557849052217,188108033862.94992,1.566974503227922,2.7375570502,,36.78651365873015,437719075563.9293,,0.08442978965418689
hbt_typ_27c_2.50v,hbt_typ,27.0,2.5,8,1.0,19450000000.0,45,45,31,22,0,0.2628712194841269,46.0149196329365,2.243155627971023,3.1058776103174597,0.81,0.0015653623156,0.6454157405634746,0.6250869245807801,46.46475017245428,161.77020322876703,202.25890622217076,31.9999155269735,2.226538735465065,14.110073182864602,MSG,0.14787290520300234,0.8277478984173136,188108033862.94992,1.566974503227922,2.7375570502,,36.78651365873015,437719075563.9293,,0.08442978965418689
hbt_typ_27c_2.50v,hbt_typ,27.0,2.5,8,1.0,21200000000.0,45,45,31,22,0,0.2628712194841269,46.0149196329365,2.243155627971023,3.1058776103174597,0.81,0.0015653623156,0.6883556442462991,0.6667754246332689,49.807971208432534,147.88303609182915,188.02767550188355,31.98136041560727,2.237698668671042,13.73732820152517,MSG,0.16104682715514315,0.8057327822688003,188108033862.94992,1.566974503227922,2.7375570502,,36.78651365873015,437719075563.9293,,0.08442978965418689
hbt_typ_27c_2.50v,hbt_typ,27.0,2.5,8,1.4,17700000000.0,45,45,30,21,0,0.26445499932539673,47.01467637896825,2.249881669582964,3.2146128523809514,0.81,0.0016201648776,0.601053861572165,0.5820305659198942,43.045357413803984,182.68881291285115,218.58728479385616,31.779957892356766,2.2025514593278968,14.772137527381627,MSG,0.13230453266781383,0.8530241172320053,194417598443.379,2.269699260543411,3.9656982883,,36.57640432936507,445736495079.21985,,0.0878876125557297
hbt_typ_27c_2.50v,hbt_typ,27.0,2.5,8,1.4,19450000000.0,45,45,30,21,0,0.26445499932539673,47.01467637896825,2.249881669582964,3.2146128523809514,0.81,0.0016201648776,0.6428516025200469,0.622597894306397,46.266155102867195,165.58532308822035,202.59688669968372,31.764989186855953,2.212615811350554,14.363821547586094,MSG,0.14501022277755604,0.831550047876091,194417598443.379,2.269699260543411,3.9656982883,,36.57640432936507,445736495079.21985,,0.0878876125557297
hbt_typ_27c_2.50v,hbt_typ,27.0,2.5,8,1.4,21200000000.0,45,45,30,21,0,0.26445499932539673,47.01467637896825,2.249881669582964,3.2146128523809514,0.81,0.0016201648776,0.6851938124905788,0.6637053294317957,49.56066790023931,151.3955041313143,188.52749350406805,31.74823903665839,2.2235655549465516,13.990916238347562,MSG,0.15772286546911163,0.8098373381607155,194417598443.379,2.269699260543411,3.9656982883,,36.57640432936507,445736495079.21985,,0.0878876125557297
hbt_typ_27c_2.75v,hbt_typ,27.0,2.75,1,0.6,17700000000.0,45,45,32,23,0,0.26108478507936506,43.94684462698412,2.2261461345796447,2.981609641428571,0.81,0.00018784140741,0.6024491159223699,0.5833845620654926,43.1523718142327,1315.6563553122319,1676.9570580847912,247.79026791103277,7.7552671312450965,14.116800661631064,MSG,0.14364541256555896,0.9944424057866483,171744733096.68515,0.11289656227956209,1.2816170848,,28.545065114285705,384690282579.9227,,0.10445271816655938
hbt_typ_27c_2.75v,hbt_typ,27.0,2.75,1,0.6,19450000000.0,45,45,32,23,0,0.26108478507936506,43.94684462698412,2.2261461345796447,4.0168092588888875,0.82,0.00025305898331,0.6457442700546141,0.6254058340199599,46.49020358685683,1258.8407100289617,1458.2574930184835,226.91351067562547,7.441152079133968,14.677074704388065,MSG,0.153627198325204,0.9925729343902849,207317408371.73,0.1521002959511492,1.7266895885,,28.545065114285705,384690282579.9227,,0.14071816766950127
hbt_typ_27c_2.75v,hbt_typ,27.0,2.75,1,0.6,21200000000.0,45,45,32,23,0,0.26108478507936506,43.94684462698412,2.2261461345796447,4.0168092588888875,0.82,0.00025305898331,0.6871145688492699,0.6655703497396386,49.7108787796843,1151.6338138652447,1360.5141607611708,226.81991070617636,7.440570846346214,14.304030086060582,MSG,0.1673898040837854,0.9914294765667186,207317408371.73,0.1521002959511492,1.7266895885,,28.545065114285705,384690282579.9227,,0.14071816766950127
hbt_typ_27c_2.75v,hbt_typ,27.0,2.75,1,1.0,17700000000.0,45,45,31,22,0,0.262386478095238,43.55254773650792,2.2200721152250553,3.060540606825396,0.81,0.00019281405823,0.5966095231481889,0.5777177340567861,42.70471086241079,1366.8178932650164,1696.0920784314906,246.38803254812603,7.734717378339624,14.475671162880543,MSG,0.13621738063262645,0.9947604909543638,178162935815.03815,0.1930117800296563,2.1911144343,,39.16269054126983,416660074633.6985,,0.07814939587973875
hbt_typ_27c_2.75v,hbt_typ,27.0,2.75,1,1.0,19450000000.0,45,45,31,22,0,0.262386478095238,43.55254773650792,2.2200721152250553,3.060540606825396,0.81,0.00019281405823,0.6391819199401967,0.6190357776039708,45.98213840359623,1238.3701821185277,1568.6937920011085,246.26916932519245,7.733735159492479,14.067552913740766,MSG,0.1496317470028525,0.9938856028160281,178162935815.03815,0.1930117800296563,2.1911144343,,39.16269054126983,416660074633.6985,,0.07814939587973875
hbt_typ_27c_2.75v,hbt_typ,27.0,2.75,1,1.0,21200000000.0,45,45,31,22,0,0.262386478095238,43.55254773650792,2.2200721152250553,4.146575963015872,0.82,0.00026123428567,0.6819129140221509,0.6605196906710914,49.30424203827608,1195.6987054734257,1371.2464430947948,225.54168767295403,7.4204409202004085,14.681515275479377,MSG,0.15889595256917427,0.9919167627335407,215824374301.9685,0.2615100157746558,2.9688149991,,39.16269054126983,416660074633.6985,,0.10588077340207742
hbt_typ_27c_2.75v,hbt_typ,27.0,2.75,1,1.4,17700000000.0,45,45,30,21,0,0.2637654551587301,43.10841455555555,2.2133441343899625,3.145604993809523,0.81,0.00019817311461,0.5941178406169518,0.575299836771525,42.51388256821115,1397.0992500179593,1699.8539843131334,244.8899354722031,7.712655162130298,14.709119685061523,MSG,0.1334951659089065,0.9949108019360409,183608124767.86893,0.2776205532377343,3.1516362728,,38.332571703174594,426056741964.1896,,0.08206089114414969
hbt_typ_27c_2.75v,hbt_typ,27.0,2.75,1,1.4,19450000000.0,45,45,30,21,0,0.2637654551587301,43.10841455555555,2.2133441343899625,3.145604993809523,0.81,0.00019817311461,0.6361043391806932,0.6160484750564841,45.74413264401824,1266.0781447523452,1573.7727364945981,244.78024422036108,7.711791504974396,14.300867847986265,MSG,0.146385344917112,0.9940642877443537,183608124767.86893,0.2776205532377343,3.1516362728,,38.332571703174594,426056741964.1896,,0.08206089114414969
hbt_typ_27c_2.75v,hbt_typ,27.0,2.75,1,1.4,21200000000.0,45,45,30,21,0,0.2637654551587301,43.10841455555555,2.2133441343899625,3.145604993809523,0.81,0.00019817311461,0.6786142902684513,0.6573169117397779,49.046626034339276,1157.4524406765704,1463.2101059444005,244.65872063128288,7.710823297466671,13.928031107976253,MSG,0.15928506678514806,0.9931462598049563,183608124767.86893,0.2776205532377343,3.1516362728,,38.332571703174594,426056741964.1896,,0.08206089114414969
hbt_typ_27c_2.75v,hbt_typ,27.0,2.75,4,0.6,17700000000.0,45,45,32,23,0,0.26126878041269835,44.783281218253954,2.2340283926391846,2.997707535555555,0.81,0.00075542229896,0.6062893029446894,0.5871112596895776,43.44708732777929,338.4151877269866,428.1009992854835,63.594821088334704,3.594342819077268,14.132111729920545,MSG,0.14257420558043246,0.9599122839571702,176935429919.01535,0.4540255994212698,1.4801860707,,29.028326598015866,398155554396.5922,,0.10326835497849378
hbt_typ_27c_2.75v,hbt_typ,27.0,2.75,4,0.6,19450000000.0,45,45,32,23,0,0.26126878041269835,44.783281218253954,2.2340283926391846,2.997707535555555,0.81,0.00075542229896,0.6497826544153125,0.6293260234721885,46.8032420479003,306.55446977081596,395.60497094881435,63.558419335568736,3.597792901508731,13.724198250466934,MSG,0.1565587690181169,0.9532800847820829,176935429919.01535,0.4540255994212698,1.4801860707,,29.028326598015866,398155554396.5922,,0.10326835497849378
hbt_typ_27c_2.75v,hbt_typ,27.0,2.75,4,0.6,21200000000.0,45,45,32,23,0,0.26126878041269835,44.783281218253954,2.2340283926391846,4.043493674999999,0.82,0.0010189604061,0.6925407613674086,0.6708392155543363,50.13558799028821,295.8917633411533,347.18367398699377,58.316551319440514,3.3992956564536203,14.321153206482915,MSG,0.16638975071369266,0.9352169687455121,214188275498.30438,0.6124453207613318,1.9967040705,,29.028326598015866,398155554396.5922,,0.13929475615299086
hbt_typ_27c_2.75v,hbt_typ,27.0,2.75,4,1.0,17700000000.0,45,45,31,22,0,0.26269800573015867,45.096929694444434,2.234690199234253,3.0895041924206343,0.81,0.00077855505649,0.6005930412453818,0.5815833750523545,43.01002057791918,351.91864269592855,432.672873336406,63.18541727871393,3.5778877255447554,14.502991355788307,MSG,0.13538275890193388,0.962432964278017,184666789679.86047,0.7793556480967975,2.5408182653,,36.10700809325396,430035471678.79395,,0.08556522280775351
hbt_typ_27c_2.75v,hbt_typ,27.0,2.75,4,1.0,19450000000.0,45,45,31,22,0,0.26269800573015867,45.096929694444434,2.234690199234253,3.0895041924206343,0.81,0.00077855505649,0.6430657953127656,0.6228058113963983,46.28274006215964,318.8731992635216,400.4039938364342,63.15361908689768,3.5813063305139443,14.094841376172083,MSG,0.1486776623335967,0.9562066951158381,184666789679.86047,0.7793556480967975,2.5408182653,,36.10700809325396,430035471678.79395,,0.08556522280775351
hbt_typ_27c_2.75v,hbt_typ,27.0,2.75,4,1.0,21200000000.0,45,45,31,22,0,0.26269800573015867,45.096929694444434,2.234690199234253,3.0895041924206343,0.81,0.00077855505649,0.6860383342099029,0.6645253420725046,49.626704715091634,291.4911779407871,372.144940335454,63.11809241585631,3.5850087555281918,13.722117184572971,MSG,0.16195763622028014,0.9495790059764506,184666789679.86047,0.7793556480967975,2.5408182653,,36.10700809325396,430035471678.79395,,0.08556522280775351
hbt_typ_27c_2.75v,hbt_typ,27.0,2.75,4,1.4,17700000000.0,45,45,30,21,0,0.2642084512103174,45.52382455158729,2.2362920356697664,3.1895117225793643,0.81,0.00080375695409,0.59844605350736,0.5794999062334159,42.84543369896009,359.97820122275516,433.14500006165275,62.748637913950446,3.560669030569029,14.749444584454787,MSG,0.1328436450348868,0.9635032820605666,190665475327.4955,1.1259861266424438,3.6708829157,,40.394756543650786,438448092007.43787,,0.07895855787948025
hbt_typ_27c_2.75v,hbt_typ,27.0,2.75,4,1.4,19450000000.0,45,45,30,21,0,0.2642084512103174,45.52382455158729,2.2362920356697664,3.1895117225793643,0.81,0.00080375695409,0.6402976993194297,0.6201188418799226,46.068469250169564,326.2565638019016,401.3077296896189,62.7196598480326,3.5640963563920613,14.341152829008665,MSG,0.14563970480695076,0.9574395955504753,190665475327.4955,1.1259861266424438,3.6708829157,,40.394756543650786,438448092007.43787,,0.07895855787948025
hbt_typ_27c_2.75v,hbt_typ,27.0,2.75,4,1.4,21200000000.0,45,45,30,21,0,0.2642084512103174,45.52382455158729,2.2362920356697664,3.1895117225793643,0.81,0.00080375695409,0.6826868029424088,0.6612711037072284,49.36470957846767,298.28639059789026,373.3275348048287,62.68730838640739,3.5678121851075333,13.968273543694416,MSG,0.1584421148027751,0.950978851229412,190665475327.4955,1.1259861266424438,3.6708829157,,40.394756543650786,438448092007.43787,,0.07895855787948025
hbt_typ_27c_2.75v,hbt_typ,27.0,2.75,8,0.6,17700000000.0,45,45,32,23,0,0.2613709992460317,45.26049981150793,2.2384619473400806,3.006732140674602,0.81,0.0015153929989,0.6085633290771987,0.5893181272147922,43.62173056556179,171.58682864075115,216.2799077580034,32.23799301967053,2.23030997661448,14.140603347176988,MSG,0.1416633546037457,0.840613884379694,179951943528.40482,0.910786249315644,1.5911666585,,29.304482569444442,405920449639.94464,,0.10260314726763675
hbt_typ_27c_2.75v,hbt_typ,27.0,2.75,8,0.6,19450000000.0,45,45,32,23,0,0.2613709992460317,45.26049981150793,2.2384619473400806,3.006732140674602,0.81,0.0015153929989,0.6520399170822517,0.6315172673379634,46.97834235947342,155.43765138230438,199.90544023448763,32.218788348588696,2.2409906391232854,13.732676382189524,MSG,0.15551825467619718,0.8178715821767238,179951943528.40482,0.910786249315644,1.5911666585,,29.304482569444442,405920449639.94464,,0.10260314726763675
hbt_typ_27c_2.75v,hbt_typ,27.0,2.75,8,0.6,21200000000.0,45,45,32,23,0,0.2613709992460317,45.26049981150793,2.2384619473400806,4.058484719047619,0.82,0.0020454762984,0.6956326639920196,0.6738415570678067,50.37782928274683,149.951670772074,175.36451303599216,29.58620464850857,2.112781230636721,14.33066017878051,MSG,0.16541454320333696,0.7544442488113118,217822704358.2942,1.229434582140602,2.1478824138,,29.304482569444442,405920449639.94464,,0.13849364886173998
hbt_typ_27c_2.75v,hbt_typ,27.0,2.75,8,1.0,17700000000.0,45,45,31,22,0,0.2628712194841269,46.0149196329365,2.243155627971023,3.1058776103174597,0.81,0.0015653623156,0.6029792899603457,0.5838990620266591,43.193044566751,178.52685424460313,218.49518479144334,32.01650021765514,2.2162781529996853,14.518242492574323,MSG,0.13468466377816699,0.849557849052217,188108033862.94992,1.566974503227922,2.7375570502,,36.78651365873015,437719075563.9293,,0.08442978965418689
hbt_typ_27c_2.75v,hbt_typ,27.0,2.75,8,1.0,19450000000.0,45,45,31,22,0,0.2628712194841269,46.0149196329365,2.243155627971023,3.1058776103174597,0.81,0.0015653623156,0.6454157405634746,0.6250869245807801,46.46475017245428,161.77020322876703,202.25890622217076,31.9999155269735,2.226538735465065,14.110073182864602,MSG,0.14787290520300234,0.8277478984173136,188108033862.94992,1.566974503227922,2.7375570502,,36.78651365873015,437719075563.9293,,0.08442978965418689
hbt_typ_27c_2.75v,hbt_typ,27.0,2.75,8,1.0,21200000000.0,45,45,31,22,0,0.2628712194841269,46.0149196329365,2.243155627971023,3.1058776103174597,0.81,0.0015653623156,0.6883556442462991,0.6667754246332689,49.807971208432534,147.88303609182915,188.02767550188355,31.98136041560727,2.237698668671042,13.73732820152517,MSG,0.16104682715514315,0.8057327822688003,188108033862.94992,1.566974503227922,2.7375570502,,36.78651365873015,437719075563.9293,,0.08442978965418689
hbt_typ_27c_2.75v,hbt_typ,27.0,2.75,8,1.4,17700000000.0,45,45,30,21,0,0.26445499932539673,47.01467637896825,2.249881669582964,3.2146128523809514,0.81,0.0016201648776,0.601053861572165,0.5820305659198942,43.045357413803984,182.68881291285115,218.58728479385616,31.779957892356766,2.2025514593278968,14.772137527381627,MSG,0.13230453266781383,0.8530241172320053,194417598443.379,2.269699260543411,3.9656982883,,36.57640432936507,445736495079.21985,,0.0878876125557297
hbt_typ_27c_2.75v,hbt_typ,27.0,2.75,8,1.4,19450000000.0,45,45,30,21,0,0.26445499932539673,47.01467637896825,2.249881669582964,3.2146128523809514,0.81,0.0016201648776,0.6428516025200469,0.622597894306397,46.266155102867195,165.58532308822035,202.59688669968372,31.764989186855953,2.212615811350554,14.363821547586094,MSG,0.14501022277755604,0.831550047876091,194417598443.379,2.269699260543411,3.9656982883,,36.57640432936507,445736495079.21985,,0.0878876125557297
hbt_typ_27c_2.75v,hbt_typ,27.0,2.75,8,1.4,21200000000.0,45,45,30,21,0,0.26445499932539673,47.01467637896825,2.249881669582964,3.2146128523809514,0.81,0.0016201648776,0.6851938124905788,0.6637053294317957,49.56066790023931,151.3955041313143,188.52749350406805,31.74823903665839,2.2235655549465516,13.990916238347562,MSG,0.15772286546911163,0.8098373381607155,194417598443.379,2.269699260543411,3.9656982883,,36.57640432936507,445736495079.21985,,0.0878876125557297
hbt_wcs_-40c_2.25v,hbt_wcs,-40.0,2.25,1,0.6,17700000000.0,45,45,32,15,0,0.2532904609682539,19.862538255555553,1.8944159122995168,3.2713530903174597,0.88,0.00020609524469,0.5505933675156515,0.533070884788153,39.198111125575835,1416.9259405090695,1623.4988449059078,214.38272203151382,7.238101154483637,14.686341633098067,MSG,0.15912445148046178,0.9927407516675382,198647023621.9655,0.1238721563902496,1.4062812899,,19.862538255555553,370291629524.1186,upper,0.16469964957285668
hbt_wcs_-40c_2.25v,hbt_wcs,-40.0,2.25,1,0.6,19450000000.0,45,45,32,15,0,0.2532904609682539,19.862538255555553,1.8944159122995168,3.2713530903174597,0.88,0.00020609524469,0.5895762671744834,0.5708928569327225,42.16634260292679,1285.7299451453773,1504.5722409353248,214.26692573844292,7.2368812483683325,14.278074624947672,MSG,0.1747791573005429,0.9914865325962584,198647023621.9655,0.1238721563902496,1.4062812899,,19.862538255555553,370291629524.1186,upper,0.16469964957285668
hbt_wcs_-40c_2.25v,hbt_wcs,-40.0,2.25,1,0.6,21200000000.0,45,45,32,15,0,0.2532904609682539,19.862538255555553,1.8944159122995168,3.2713530903174597,0.88,0.00020609524469,0.6290285120594639,0.6091804469624084,45.19756037843708,1176.6476700306343,1399.9454041849717,214.1390544822939,7.235526036919538,13.905221584479131,MSG,0.19041755170349,0.9901283573633333,198647023621.9655,0.1238721563902496,1.4062812899,,19.862538255555553,370291629524.1186,upper,0.16469964957285668
hbt_wcs_-40c_2.25v,hbt_wcs,-40.0,2.25,1,1.0,17700000000.0,45,45,32,15,0,0.254702398063492,21.161079850793644,1.9195047920599648,3.370905276349206,0.88,0.00021236703241,0.5476966701657613,0.5302608565284477,38.978612745955424,1471.088452305853,1633.2880650627283,213.42983239632517,7.222452268551335,15.016049902505848,MSG,0.15198570104978074,0.9931260599152347,206510059766.64282,0.21259042657480479,2.4133468109,,21.161079850793644,390843796832.06116,upper,0.1592974129920303
hbt_wcs_-40c_2.25v,hbt_wcs,-40.0,2.25,1,1.0,19450000000.0,45,45,32,15,0,0.254702398063492,21.161079850793644,1.9195047920599648,3.370905276349206,0.88,0.00021236703241,0.5859342024367948,0.5673588267741156,41.887899231305255,1335.5589893831561,1516.1069891496613,213.32718687927047,7.221433778167538,14.607585424393413,MSG,0.16694619679494355,0.9919476006808896,206510059766.64282,0.21259042657480479,2.4133468109,,21.161079850793644,390843796832.06116,upper,0.1592974129920303
hbt_wcs_-40c_2.25v,hbt_wcs,-40.0,2.25,1,1.0,21200000000.0,45,45,32,15,0,0.254702398063492,21.161079850793644,1.9195047920599648,3.370905276349206,0.88,0.00021236703241,0.6246828708035373,0.6049625891043403,44.862322452427065,1222.6842303141314,1412.4956192388263,213.2138696201782,7.220301761072455,14.234516816844533,MSG,0.18189195611415987,0.9906706946749492,206510059766.64282,0.21259042657480479,2.4133468109,,21.161079850793644,390843796832.06116,upper,0.1592974129920303
hbt_wcs_-40c_2.25v,hbt_wcs,-40.0,2.25,1,1.4,17700000000.0,45,45,32,15,0,0.25615376660317457,22.673928241269834,1.9470260215164945,3.4787012085714277,0.88,0.00021915817614,0.5473785070370429,0.5299522162485492,38.95451273198811,1503.8268781205843,1631.176668396638,212.40920190647688,7.2056472503571065,15.241095221389278,MSG,0.1485663311137783,0.9933166016457567,212535058806.97513,0.3070372488149928,3.4857426573,,22.673928241269834,401501582356.7031,upper,0.15342296101297911
hbt_wcs_-40c_2.25v,hbt_wcs,-40.0,2.25,1,1.4,19450000000.0,45,45,32,15,0,0.25615376660317457,22.673928241269834,1.9470260215164945,3.4787012085714277,0.88,0.00021915817614,0.5851318384977595,0.5665802751787503,41.826588232520756,1365.8483117660896,1516.1960556378037,212.31501477377736,7.2047624150624525,14.832506414756843,MSG,0.1630528219574318,0.9921760780851547,212535058806.97513,0.3070372488149928,3.4857426573,,22.673928241269834,401501582356.7031,upper,0.15342296101297911
hbt_wcs_-40c_2.25v,hbt_wcs,-40.0,2.25,1,1.4,21200000000.0,45,45,32,15,0,0.25615376660317457,22.673928241269834,1.9470260215164945,3.4787012085714277,0.88,0.00021915817614,0.623430550479538,0.6037471162474299,44.76577634065589,1250.776648851874,1414.0955801350563,212.21107723229395,7.203778724837111,14.459301910727,MSG,0.17753653551218593,0.9909396997077162,212535058806.97513,0.3070372488149928,3.4857426573,,22.673928241269834,401501582356.7031,upper,0.15342296101297911
hbt_wcs_-40c_2.25v,hbt_wcs,-40.0,2.25,4,0.6,17700000000.0,45,45,32,15,0,0.2535029421785714,20.131887788888882,1.8999014969008814,3.2918746153968246,0.88,0.00082955240308,0.5529736559664806,0.5353799970476008,39.37858802973466,362.30896850481247,414.2163770193341,54.92866109877836,3.2469970728258737,14.701244920635993,MSG,0.15741596842188613,0.946602976337403,206012885451.19318,0.4985988374259368,1.6254525219,,20.131887788888882,386931839589.7926,upper,0.16351544623717126
hbt_wcs_-40c_2.25v,hbt_wcs,-40.0,2.25,4,0.6,19450000000.0,45,45,32,15,0,0.2535029421785714,20.131887788888882,1.8999014969008814,3.2918746153968246,0.88,0.00082955240308,0.5917565309019593,0.5730084895432551,42.33314003518351,328.7553921061302,384.0658123716629,54.897486068129595,3.249951332559657,14.292940819207944,MSG,0.17284152392115368,0.9377545624863127,206012885451.19318,0.4985988374259368,1.6254525219,,20.131887788888882,386931839589.7926,upper,0.16351544623717126
hbt_wcs_-40c_2.25v,hbt_wcs,-40.0,2.25,4,0.6,21200000000.0,45,45,32,15,0,0.2535029421785714,20.131887788888882,1.8999014969008814,3.2918746153968246,0.88,0.00082955240308,0.6310164109498704,0.6111099331273105,45.3510256908554,300.8554155590796,357.50043896210315,54.862899538974375,3.2531551901837448,13.920048333477617,MSG,0.1882476802384434,0.9284122689168101,206012885451.19318,0.4985988374259368,1.6254525219,,20.131887788888882,386931839589.7926,upper,0.16351544623717126
hbt_wcs_-40c_2.25v,hbt_wcs,-40.0,2.25,4,1.0,17700000000.0,45,45,32,15,0,0.25506284300396825,21.6887728265873,1.9295877837248712,3.4081147569047614,0.88,0.00085884491874,0.5504699517243717,0.5329511604497126,39.18875625928272,376.4570108365362,416.2672083107991,54.648845221189696,3.234971553678715,15.042683641570193,MSG,0.1505586322726057,0.9496152276102631,214374612359.87115,0.859752005016536,2.8025065659,,21.6887728265873,408046291960.22833,upper,0.15713727946501913
hbt_wcs_-40c_2.25v,hbt_wcs,-40.0,2.25,4,1.0,19450000000.0,45,45,32,15,0,0.25506284300396825,21.6887728265873,1.9295877837248712,3.4081147569047614,0.88,0.00085884491874,0.5884688791777355,0.5698183080891371,42.08165579628329,341.78142017517195,386.6668278561219,54.62155826820122,3.23793665823966,14.63417269481579,MSG,0.16533075795194593,0.9412419811166437,214374612359.87115,0.859752005016536,2.8025065659,,21.6887728265873,408046291960.22833,upper,0.15713727946501913
hbt_wcs_-40c_2.25v,hbt_wcs,-40.0,2.25,4,1.0,21200000000.0,45,45,32,15,0,0.25506284300396825,21.6887728265873,1.9295877837248712,3.4081147569047614,0.88,0.00085884491874,0.6269931829485575,0.6072049511675718,45.04050622738563,312.89502546770564,360.4383774698458,54.591283423136765,3.2411554390289816,14.261054549767003,MSG,0.18008465240318458,0.9323840550942969,214374612359.87115,0.859752005016536,2.8025065659,,21.6887728265873,408046291960.22833,upper,0.15713727946501913
hbt_wcs_-40c_2.25v,hbt_wcs,-40.0,2.25,4,1.4,17700000000.0,45,45,32,15,0,0.2566668962539682,23.557844605555548,1.9627656937949332,2.422574709444444,0.87,0.00061048882678,0.548313532471362,0.5308592576342721,39.0253434613745,360.1155089008867,442.1861879549525,59.01735192870904,3.4110129950557964,14.147197559280828,MSG,0.15293416555609363,0.959578154457048,173485369029.7292,0.8552645701214383,2.78779916,,23.557844605555548,418559554580.32666,upper,0.10283515958302647
hbt_wcs_-40c_2.25v,hbt_wcs,-40.0,2.25,4,1.4,19450000000.0,45,45,32,15,0,0.2566668962539682,23.557844605555548,1.9627656937949332,3.5355594942063484,0.88,0.00089096099254,0.5882313575696965,0.5695878311488044,42.06349429175648,349.7378149166633,386.1567524344101,54.32399542693071,3.225432466658251,14.871803070727694,MSG,0.1616869919381182,0.9428018515382051,220940977630.57944,1.248228573004136,4.068658599,,23.557844605555548,418559554580.32666,upper,0.1500799225652661
hbt_wcs_-40c_2.25v,hbt_wcs,-40.0,2.25,4,1.4,21200000000.0,45,45,32,15,0,0.2566668962539682,23.557844605555548,1.9627656937949332,3.5355594942063484,0.88,0.00089096099254,0.6262787770628091,0.6065115533875174,44.98539725548773,320.2831382945854,360.40702237834466,54.29654351504616,3.2286934298179286,14.498540451600539,MSG,0.17600960283539474,0.9341556408215371,220940977630.57944,1.248228573004136,4.068658599,,23.557844605555548,418559554580.32666,upper,0.1500799225652661
hbt_wcs_-40c_2.25v,hbt_wcs,-40.0,2.25,8,0.6,17700000000.0,45,45,32,15,0,0.253621015079365,20.284937198412695,1.9029884310656369,3.303399824603174,0.88,0.0016649135116,0.5544730837166505,0.5368346078257745,39.492327596551945,183.17644580247088,209.19742123249392,27.81837360175583,1.9831399336074271,14.709510174609836,MSG,0.15602594943635162,0.7936444518243211,209936756351.92368,1.00069118475888,1.7481731992,,20.284937198412695,396678394548.34515,upper,0.16284989163593103
hbt_wcs_-40c_2.25v,hbt_wcs,-40.0,2.25,8,0.6,19450000000.0,45,45,32,15,0,0.253621015079365,20.284937198412695,1.9029884310656369,3.303399824603174,0.88,0.0016649135116,0.5931640825928318,0.5743743328938405,42.44086691272017,166.21142394758596,194.0188183176208,27.80202296387646,1.9923802307335143,14.30118464309883,MSG,0.17127072910521593,0.7661665489413155,209936756351.92368,1.00069118475888,1.7481731992,,20.284937198412695,396678394548.34515,upper,0.16284989163593103
hbt_wcs_-40c_2.25v,hbt_wcs,-40.0,2.25,8,0.6,21200000000.0,45,45,32,15,0,0.253621015079365,20.284937198412695,1.9029884310656369,3.303399824603174,0.88,0.0016649135116,0.6323353675001553,0.6123901475755035,45.45288758934187,152.10419511455171,180.63496715509393,27.783894968941755,2.002437882809483,13.92826879576004,MSG,0.1864971140014272,0.739070901072968,209936756351.92368,1.00069118475888,1.7481731992,,20.284937198412695,396678394548.34515,upper,0.16284989163593103
hbt_wcs_-40c_2.25v,hbt_wcs,-40.0,2.25,8,1.0,17700000000.0,45,45,32,15,0,0.25526335154761903,21.995770037698406,1.9353507034308195,2.3646052783730154,0.87,0.0011917610603,0.5514743181716523,0.5339254885479844,39.26489454546493,177.88421061131646,222.52235801209432,30.01951302229832,2.1024264196984994,13.934729949451338,MSG,0.1553763421928124,0.8394458741832626,171682542257.87894,1.192992365873984,2.0839661422,,21.995770037698406,418005692659.42926,upper,0.10750272776630843
hbt_wcs_-40c_2.25v,hbt_wcs,-40.0,2.25,8,1.0,19450000000.0,45,45,32,15,0,0.25526335154761903,21.995770037698406,1.9353507034308195,3.4292471031746024,0.88,0.00172834054,0.5901161053285484,0.5714166893454771,42.20763421906968,172.87252080431742,195.227115320126,27.652448753519188,1.9820324454970621,14.649043949281639,MSG,0.16403164748608948,0.7767410439681214,218562305798.77887,1.730170121893656,3.0224737051,,21.995770037698406,418005692659.42926,upper,0.15590484430857562
hbt_wcs_-40c_2.25v,hbt_wcs,-40.0,2.25,8,1.0,21200000000.0,45,45,32,15,0,0.25526335154761903,21.995770037698406,1.9353507034308195,3.4292471031746024,0.88,0.00172834054,0.6285376724545915,0.6087040342590995,45.15967849234234,158.2621617442343,182.03585694558697,27.636706919508736,1.9917537940686156,14.275896640500353,MSG,0.17863121280338545,0.7503516902359922,218562305798.77887,1.730170121893656,3.0224737051,,21.995770037698406,418005692659.42926,upper,0.15590484430857562
hbt_wcs_-40c_2.25v,hbt_wcs,-40.0,2.25,8,1.4,17700000000.0,45,45,32,15,0,0.2569527073809524,24.08294963888888,1.9718564795091624,2.4398864710317456,0.87,0.0012297027814,0.549089463766082,0.531611970790262,39.08413395478383,182.3584274967101,223.39962831283935,29.847504905066177,2.091924053348303,14.166679804548947,MSG,0.15179624051208052,0.8433294124128611,176712819524.68375,1.722755427871088,3.0093936763,,24.08294963888888,428337640591.7918,upper,0.10131177898125253
hbt_wcs_-40c_2.25v,hbt_wcs,-40.0,2.25,8,1.4,19450000000.0,45,45,32,15,0,0.2569527073809524,24.08294963888888,1.9718564795091624,2.4398864710317456,0.87,0.0012297027814,0.5898121714209165,0.5711217665817576,42.184386023289704,165.3840707113359,206.17130221632854,29.826177760477176,2.1008860321135936,13.758715915084807,MSG,0.16653854408348848,0.8207874705008323,176712819524.68375,1.722755427871088,3.0093936763,,24.08294963888888,428337640591.7918,upper,0.10131177898125253
hbt_wcs_-40c_2.25v,hbt_wcs,-40.0,2.25,8,1.4,21200000000.0,45,45,32,15,0,0.2569527073809524,24.08294963888888,1.9718564795091624,3.5681433486111103,0.88,0.0017983442477,0.6281663911156712,0.6083436667815044,45.1310266857108,162.0523910158399,181.88674730403835,27.476727833648102,1.9818144130464945,14.520591000934267,MSG,0.1747834229091581,0.7550260341526088,225517044435.24426,2.519471359146632,4.4004662023,,24.08294963888888,428337640591.7918,upper,0.14816056181296464
hbt_wcs_-40c_2.50v,hbt_wcs,-40.0,2.5,1,0.6,17700000000.0,45,45,32,15,0,0.2532904609682539,19.862538255555553,1.8944159122995168,3.2713530903174597,0.88,0.00020609524469,0.5505933675156515,0.533070884788153,39.198111125575835,1416.9259405090695,1623.4988449059078,214.38272203151382,7.238101154483637,14.686341633098067,MSG,0.15912445148046178,0.9927407516675382,198647023621.9655,0.1238721563902496,1.4062812899,,19.862538255555553,370291629524.1186,upper,0.16469964957285668
hbt_wcs_-40c_2.50v,hbt_wcs,-40.0,2.5,1,0.6,19450000000.0,45,45,32,15,0,0.2532904609682539,19.862538255555553,1.8944159122995168,3.2713530903174597,0.88,0.00020609524469,0.5895762671744834,0.5708928569327225,42.16634260292679,1285.7299451453773,1504.5722409353248,214.26692573844292,7.2368812483683325,14.278074624947672,MSG,0.1747791573005429,0.9914865325962584,198647023621.9655,0.1238721563902496,1.4062812899,,19.862538255555553,370291629524.1186,upper,0.16469964957285668
hbt_wcs_-40c_2.50v,hbt_wcs,-40.0,2.5,1,0.6,21200000000.0,45,45,32,15,0,0.2532904609682539,19.862538255555553,1.8944159122995168,3.2713530903174597,0.88,0.00020609524469,0.6290285120594639,0.6091804469624084,45.19756037843708,1176.6476700306343,1399.9454041849717,214.1390544822939,7.235526036919538,13.905221584479131,MSG,0.19041755170349,0.9901283573633333,198647023621.9655,0.1238721563902496,1.4062812899,,19.862538255555553,370291629524.1186,upper,0.16469964957285668
hbt_wcs_-40c_2.50v,hbt_wcs,-40.0,2.5,1,1.0,17700000000.0,45,45,32,15,0,0.254702398063492,21.161079850793644,1.9195047920599648,3.370905276349206,0.88,0.00021236703241,0.5476966701657613,0.5302608565284477,38.978612745955424,1471.088452305853,1633.2880650627283,213.42983239632517,7.222452268551335,15.016049902505848,MSG,0.15198570104978074,0.9931260599152347,206510059766.64282,0.21259042657480479,2.4133468109,,21.161079850793644,390843796832.06116,upper,0.1592974129920303
hbt_wcs_-40c_2.50v,hbt_wcs,-40.0,2.5,1,1.0,19450000000.0,45,45,32,15,0,0.254702398063492,21.161079850793644,1.9195047920599648,3.370905276349206,0.88,0.00021236703241,0.5859342024367948,0.5673588267741156,41.887899231305255,1335.5589893831561,1516.1069891496613,213.32718687927047,7.221433778167538,14.607585424393413,MSG,0.16694619679494355,0.9919476006808896,206510059766.64282,0.21259042657480479,2.4133468109,,21.161079850793644,390843796832.06116,upper,0.1592974129920303
hbt_wcs_-40c_2.50v,hbt_wcs,-40.0,2.5,1,1.0,21200000000.0,45,45,32,15,0,0.254702398063492,21.161079850793644,1.9195047920599648,3.370905276349206,0.88,0.00021236703241,0.6246828708035373,0.6049625891043403,44.862322452427065,1222.6842303141314,1412.4956192388263,213.2138696201782,7.220301761072455,14.234516816844533,MSG,0.18189195611415987,0.9906706946749492,206510059766.64282,0.21259042657480479,2.4133468109,,21.161079850793644,390843796832.06116,upper,0.1592974129920303
hbt_wcs_-40c_2.50v,hbt_wcs,-40.0,2.5,1,1.4,17700000000.0,45,45,32,15,0,0.25615376660317457,22.673928241269834,1.9470260215164945,3.4787012085714277,0.88,0.00021915817614,0.5473785070370429,0.5299522162485492,38.95451273198811,1503.8268781205843,1631.176668396638,212.40920190647688,7.2056472503571065,15.241095221389278,MSG,0.1485663311137783,0.9933166016457567,212535058806.97513,0.3070372488149928,3.4857426573,,22.673928241269834,401501582356.7031,upper,0.15342296101297911
hbt_wcs_-40c_2.50v,hbt_wcs,-40.0,2.5,1,1.4,19450000000.0,45,45,32,15,0,0.25615376660317457,22.673928241269834,1.9470260215164945,3.4787012085714277,0.88,0.00021915817614,0.5851318384977595,0.5665802751787503,41.826588232520756,1365.8483117660896,1516.1960556378037,212.31501477377736,7.2047624150624525,14.832506414756843,MSG,0.1630528219574318,0.9921760780851547,212535058806.97513,0.3070372488149928,3.4857426573,,22.673928241269834,401501582356.7031,upper,0.15342296101297911
hbt_wcs_-40c_2.50v,hbt_wcs,-40.0,2.5,1,1.4,21200000000.0,45,45,32,15,0,0.25615376660317457,22.673928241269834,1.9470260215164945,3.4787012085714277,0.88,0.00021915817614,0.623430550479538,0.6037471162474299,44.76577634065589,1250.776648851874,1414.0955801350563,212.21107723229395,7.203778724837111,14.459301910727,MSG,0.17753653551218593,0.9909396997077162,212535058806.97513,0.3070372488149928,3.4857426573,,22.673928241269834,401501582356.7031,upper,0.15342296101297911
hbt_wcs_-40c_2.50v,hbt_wcs,-40.0,2.5,4,0.6,17700000000.0,45,45,32,15,0,0.2535029421785714,20.131887788888882,1.8999014969008814,3.2918746153968246,0.88,0.00082955240308,0.5529736559664806,0.5353799970476008,39.37858802973466,362.30896850481247,414.2163770193341,54.92866109877836,3.2469970728258737,14.701244920635993,MSG,0.15741596842188613,0.946602976337403,206012885451.19318,0.4985988374259368,1.6254525219,,20.131887788888882,386931839589.7926,upper,0.16351544623717126
hbt_wcs_-40c_2.50v,hbt_wcs,-40.0,2.5,4,0.6,19450000000.0,45,45,32,15,0,0.2535029421785714,20.131887788888882,1.8999014969008814,3.2918746153968246,0.88,0.00082955240308,0.5917565309019593,0.5730084895432551,42.33314003518351,328.7553921061302,384.0658123716629,54.897486068129595,3.249951332559657,14.292940819207944,MSG,0.17284152392115368,0.9377545624863127,206012885451.19318,0.4985988374259368,1.6254525219,,20.131887788888882,386931839589.7926,upper,0.16351544623717126
hbt_wcs_-40c_2.50v,hbt_wcs,-40.0,2.5,4,0.6,21200000000.0,45,45,32,15,0,0.2535029421785714,20.131887788888882,1.8999014969008814,3.2918746153968246,0.88,0.00082955240308,0.6310164109498704,0.6111099331273105,45.3510256908554,300.8554155590796,357.50043896210315,54.862899538974375,3.2531551901837448,13.920048333477617,MSG,0.1882476802384434,0.9284122689168101,206012885451.19318,0.4985988374259368,1.6254525219,,20.131887788888882,386931839589.7926,upper,0.16351544623717126
hbt_wcs_-40c_2.50v,hbt_wcs,-40.0,2.5,4,1.0,17700000000.0,45,45,32,15,0,0.25506284300396825,21.6887728265873,1.9295877837248712,3.4081147569047614,0.88,0.00085884491874,0.5504699517243717,0.5329511604497126,39.18875625928272,376.4570108365362,416.2672083107991,54.648845221189696,3.234971553678715,15.042683641570193,MSG,0.1505586322726057,0.9496152276102631,214374612359.87115,0.859752005016536,2.8025065659,,21.6887728265873,408046291960.22833,upper,0.15713727946501913
hbt_wcs_-40c_2.50v,hbt_wcs,-40.0,2.5,4,1.0,19450000000.0,45,45,32,15,0,0.25506284300396825,21.6887728265873,1.9295877837248712,3.4081147569047614,0.88,0.00085884491874,0.5884688791777355,0.5698183080891371,42.08165579628329,341.78142017517195,386.6668278561219,54.62155826820122,3.23793665823966,14.63417269481579,MSG,0.16533075795194593,0.9412419811166437,214374612359.87115,0.859752005016536,2.8025065659,,21.6887728265873,408046291960.22833,upper,0.15713727946501913
hbt_wcs_-40c_2.50v,hbt_wcs,-40.0,2.5,4,1.0,21200000000.0,45,45,32,15,0,0.25506284300396825,21.6887728265873,1.9295877837248712,3.4081147569047614,0.88,0.00085884491874,0.6269931829485575,0.6072049511675718,45.04050622738563,312.89502546770564,360.4383774698458,54.591283423136765,3.2411554390289816,14.261054549767003,MSG,0.18008465240318458,0.9323840550942969,214374612359.87115,0.859752005016536,2.8025065659,,21.6887728265873,408046291960.22833,upper,0.15713727946501913
hbt_wcs_-40c_2.50v,hbt_wcs,-40.0,2.5,4,1.4,17700000000.0,45,45,32,15,0,0.2566668962539682,23.557844605555548,1.9627656937949332,2.422574709444444,0.87,0.00061048882678,0.548313532471362,0.5308592576342721,39.0253434613745,360.1155089008867,442.1861879549525,59.01735192870904,3.4110129950557964,14.147197559280828,MSG,0.15293416555609363,0.959578154457048,173485369029.7292,0.8552645701214383,2.78779916,,23.557844605555548,418559554580.32666,upper,0.10283515958302647
hbt_wcs_-40c_2.50v,hbt_wcs,-40.0,2.5,4,1.4,19450000000.0,45,45,32,15,0,0.2566668962539682,23.557844605555548,1.9627656937949332,3.5355594942063484,0.88,0.00089096099254,0.5882313575696965,0.5695878311488044,42.06349429175648,349.7378149166633,386.1567524344101,54.32399542693071,3.225432466658251,14.871803070727694,MSG,0.1616869919381182,0.9428018515382051,220940977630.57944,1.248228573004136,4.068658599,,23.557844605555548,418559554580.32666,upper,0.1500799225652661
hbt_wcs_-40c_2.50v,hbt_wcs,-40.0,2.5,4,1.4,21200000000.0,45,45,32,15,0,0.2566668962539682,23.557844605555548,1.9627656937949332,3.5355594942063484,0.88,0.00089096099254,0.6262787770628091,0.6065115533875174,44.98539725548773,320.2831382945854,360.40702237834466,54.29654351504616,3.2286934298179286,14.498540451600539,MSG,0.17600960283539474,0.9341556408215371,220940977630.57944,1.248228573004136,4.068658599,,23.557844605555548,418559554580.32666,upper,0.1500799225652661
hbt_wcs_-40c_2.50v,hbt_wcs,-40.0,2.5,8,0.6,17700000000.0,45,45,32,15,0,0.253621015079365,20.284937198412695,1.9029884310656369,3.303399824603174,0.88,0.0016649135116,0.5544730837166505,0.5368346078257745,39.492327596551945,183.17644580247088,209.19742123249392,27.81837360175583,1.9831399336074271,14.709510174609836,MSG,0.15602594943635162,0.7936444518243211,209936756351.92368,1.00069118475888,1.7481731992,,20.284937198412695,396678394548.34515,upper,0.16284989163593103
hbt_wcs_-40c_2.50v,hbt_wcs,-40.0,2.5,8,0.6,19450000000.0,45,45,32,15,0,0.253621015079365,20.284937198412695,1.9029884310656369,3.303399824603174,0.88,0.0016649135116,0.5931640825928318,0.5743743328938405,42.44086691272017,166.21142394758596,194.0188183176208,27.80202296387646,1.9923802307335143,14.30118464309883,MSG,0.17127072910521593,0.7661665489413155,209936756351.92368,1.00069118475888,1.7481731992,,20.284937198412695,396678394548.34515,upper,0.16284989163593103
hbt_wcs_-40c_2.50v,hbt_wcs,-40.0,2.5,8,0.6,21200000000.0,45,45,32,15,0,0.253621015079365,20.284937198412695,1.9029884310656369,3.303399824603174,0.88,0.0016649135116,0.6323353675001553,0.6123901475755035,45.45288758934187,152.10419511455171,180.63496715509393,27.783894968941755,2.002437882809483,13.92826879576004,MSG,0.1864971140014272,0.739070901072968,209936756351.92368,1.00069118475888,1.7481731992,,20.284937198412695,396678394548.34515,upper,0.16284989163593103
hbt_wcs_-40c_2.50v,hbt_wcs,-40.0,2.5,8,1.0,17700000000.0,45,45,32,15,0,0.25526335154761903,21.995770037698406,1.9353507034308195,2.3646052783730154,0.87,0.0011917610603,0.5514743181716523,0.5339254885479844,39.26489454546493,177.88421061131646,222.52235801209432,30.01951302229832,2.1024264196984994,13.934729949451338,MSG,0.1553763421928124,0.8394458741832626,171682542257.87894,1.192992365873984,2.0839661422,,21.995770037698406,418005692659.42926,upper,0.10750272776630843
hbt_wcs_-40c_2.50v,hbt_wcs,-40.0,2.5,8,1.0,19450000000.0,45,45,32,15,0,0.25526335154761903,21.995770037698406,1.9353507034308195,3.4292471031746024,0.88,0.00172834054,0.5901161053285484,0.5714166893454771,42.20763421906968,172.87252080431742,195.227115320126,27.652448753519188,1.9820324454970621,14.649043949281639,MSG,0.16403164748608948,0.7767410439681214,218562305798.77887,1.730170121893656,3.0224737051,,21.995770037698406,418005692659.42926,upper,0.15590484430857562
hbt_wcs_-40c_2.50v,hbt_wcs,-40.0,2.5,8,1.0,21200000000.0,45,45,32,15,0,0.25526335154761903,21.995770037698406,1.9353507034308195,3.4292471031746024,0.88,0.00172834054,0.6285376724545915,0.6087040342590995,45.15967849234234,158.2621617442343,182.03585694558697,27.636706919508736,1.9917537940686156,14.275896640500353,MSG,0.17863121280338545,0.7503516902359922,218562305798.77887,1.730170121893656,3.0224737051,,21.995770037698406,418005692659.42926,upper,0.15590484430857562
hbt_wcs_-40c_2.50v,hbt_wcs,-40.0,2.5,8,1.4,17700000000.0,45,45,32,15,0,0.2569527073809524,24.08294963888888,1.9718564795091624,2.4398864710317456,0.87,0.0012297027814,0.549089463766082,0.531611970790262,39.08413395478383,182.3584274967101,223.39962831283935,29.847504905066177,2.091924053348303,14.166679804548947,MSG,0.15179624051208052,0.8433294124128611,176712819524.68375,1.722755427871088,3.0093936763,,24.08294963888888,428337640591.7918,upper,0.10131177898125253
hbt_wcs_-40c_2.50v,hbt_wcs,-40.0,2.5,8,1.4,19450000000.0,45,45,32,15,0,0.2569527073809524,24.08294963888888,1.9718564795091624,2.4398864710317456,0.87,0.0012297027814,0.5898121714209165,0.5711217665817576,42.184386023289704,165.3840707113359,206.17130221632854,29.826177760477176,2.1008860321135936,13.758715915084807,MSG,0.16653854408348848,0.8207874705008323,176712819524.68375,1.722755427871088,3.0093936763,,24.08294963888888,428337640591.7918,upper,0.10131177898125253
hbt_wcs_-40c_2.50v,hbt_wcs,-40.0,2.5,8,1.4,21200000000.0,45,45,32,15,0,0.2569527073809524,24.08294963888888,1.9718564795091624,3.5681433486111103,0.88,0.0017983442477,0.6281663911156712,0.6083436667815044,45.1310266857108,162.0523910158399,181.88674730403835,27.476727833648102,1.9818144130464945,14.520591000934267,MSG,0.1747834229091581,0.7550260341526088,225517044435.24426,2.519471359146632,4.4004662023,,24.08294963888888,428337640591.7918,upper,0.14816056181296464
hbt_wcs_-40c_2.75v,hbt_wcs,-40.0,2.75,1,0.6,17700000000.0,45,45,32,15,0,0.2532904609682539,19.862538255555553,1.8944159122995168,3.2713530903174597,0.88,0.00020609524469,0.5505933675156515,0.533070884788153,39.198111125575835,1416.9259405090695,1623.4988449059078,214.38272203151382,7.238101154483637,14.686341633098067,MSG,0.15912445148046178,0.9927407516675382,198647023621.9655,0.1238721563902496,1.4062812899,,19.862538255555553,370291629524.1186,upper,0.16469964957285668
hbt_wcs_-40c_2.75v,hbt_wcs,-40.0,2.75,1,0.6,19450000000.0,45,45,32,15,0,0.2532904609682539,19.862538255555553,1.8944159122995168,3.2713530903174597,0.88,0.00020609524469,0.5895762671744834,0.5708928569327225,42.16634260292679,1285.7299451453773,1504.5722409353248,214.26692573844292,7.2368812483683325,14.278074624947672,MSG,0.1747791573005429,0.9914865325962584,198647023621.9655,0.1238721563902496,1.4062812899,,19.862538255555553,370291629524.1186,upper,0.16469964957285668
hbt_wcs_-40c_2.75v,hbt_wcs,-40.0,2.75,1,0.6,21200000000.0,45,45,32,15,0,0.2532904609682539,19.862538255555553,1.8944159122995168,3.2713530903174597,0.88,0.00020609524469,0.6290285120594639,0.6091804469624084,45.19756037843708,1176.6476700306343,1399.9454041849717,214.1390544822939,7.235526036919538,13.905221584479131,MSG,0.19041755170349,0.9901283573633333,198647023621.9655,0.1238721563902496,1.4062812899,,19.862538255555553,370291629524.1186,upper,0.16469964957285668
hbt_wcs_-40c_2.75v,hbt_wcs,-40.0,2.75,1,1.0,17700000000.0,45,45,32,15,0,0.254702398063492,21.161079850793644,1.9195047920599648,3.370905276349206,0.88,0.00021236703241,0.5476966701657613,0.5302608565284477,38.978612745955424,1471.088452305853,1633.2880650627283,213.42983239632517,7.222452268551335,15.016049902505848,MSG,0.15198570104978074,0.9931260599152347,206510059766.64282,0.21259042657480479,2.4133468109,,21.161079850793644,390843796832.06116,upper,0.1592974129920303
hbt_wcs_-40c_2.75v,hbt_wcs,-40.0,2.75,1,1.0,19450000000.0,45,45,32,15,0,0.254702398063492,21.161079850793644,1.9195047920599648,3.370905276349206,0.88,0.00021236703241,0.5859342024367948,0.5673588267741156,41.887899231305255,1335.5589893831561,1516.1069891496613,213.32718687927047,7.221433778167538,14.607585424393413,MSG,0.16694619679494355,0.9919476006808896,206510059766.64282,0.21259042657480479,2.4133468109,,21.161079850793644,390843796832.06116,upper,0.1592974129920303
hbt_wcs_-40c_2.75v,hbt_wcs,-40.0,2.75,1,1.0,21200000000.0,45,45,32,15,0,0.254702398063492,21.161079850793644,1.9195047920599648,3.370905276349206,0.88,0.00021236703241,0.6246828708035373,0.6049625891043403,44.862322452427065,1222.6842303141314,1412.4956192388263,213.2138696201782,7.220301761072455,14.234516816844533,MSG,0.18189195611415987,0.9906706946749492,206510059766.64282,0.21259042657480479,2.4133468109,,21.161079850793644,390843796832.06116,upper,0.1592974129920303
hbt_wcs_-40c_2.75v,hbt_wcs,-40.0,2.75,1,1.4,17700000000.0,45,45,32,15,0,0.25615376660317457,22.673928241269834,1.9470260215164945,3.4787012085714277,0.88,0.00021915817614,0.5473785070370429,0.5299522162485492,38.95451273198811,1503.8268781205843,1631.176668396638,212.40920190647688,7.2056472503571065,15.241095221389278,MSG,0.1485663311137783,0.9933166016457567,212535058806.97513,0.3070372488149928,3.4857426573,,22.673928241269834,401501582356.7031,upper,0.15342296101297911
hbt_wcs_-40c_2.75v,hbt_wcs,-40.0,2.75,1,1.4,19450000000.0,45,45,32,15,0,0.25615376660317457,22.673928241269834,1.9470260215164945,3.4787012085714277,0.88,0.00021915817614,0.5851318384977595,0.5665802751787503,41.826588232520756,1365.8483117660896,1516.1960556378037,212.31501477377736,7.2047624150624525,14.832506414756843,MSG,0.1630528219574318,0.9921760780851547,212535058806.97513,0.3070372488149928,3.4857426573,,22.673928241269834,401501582356.7031,upper,0.15342296101297911
hbt_wcs_-40c_2.75v,hbt_wcs,-40.0,2.75,1,1.4,21200000000.0,45,45,32,15,0,0.25615376660317457,22.673928241269834,1.9470260215164945,3.4787012085714277,0.88,0.00021915817614,0.623430550479538,0.6037471162474299,44.76577634065589,1250.776648851874,1414.0955801350563,212.21107723229395,7.203778724837111,14.459301910727,MSG,0.17753653551218593,0.9909396997077162,212535058806.97513,0.3070372488149928,3.4857426573,,22.673928241269834,401501582356.7031,upper,0.15342296101297911
hbt_wcs_-40c_2.75v,hbt_wcs,-40.0,2.75,4,0.6,17700000000.0,45,45,32,15,0,0.2535029421785714,20.131887788888882,1.8999014969008814,3.2918746153968246,0.88,0.00082955240308,0.5529736559664806,0.5353799970476008,39.37858802973466,362.30896850481247,414.2163770193341,54.92866109877836,3.2469970728258737,14.701244920635993,MSG,0.15741596842188613,0.946602976337403,206012885451.19318,0.4985988374259368,1.6254525219,,20.131887788888882,386931839589.7926,upper,0.16351544623717126
hbt_wcs_-40c_2.75v,hbt_wcs,-40.0,2.75,4,0.6,19450000000.0,45,45,32,15,0,0.2535029421785714,20.131887788888882,1.8999014969008814,3.2918746153968246,0.88,0.00082955240308,0.5917565309019593,0.5730084895432551,42.33314003518351,328.7553921061302,384.0658123716629,54.897486068129595,3.249951332559657,14.292940819207944,MSG,0.17284152392115368,0.9377545624863127,206012885451.19318,0.4985988374259368,1.6254525219,,20.131887788888882,386931839589.7926,upper,0.16351544623717126
hbt_wcs_-40c_2.75v,hbt_wcs,-40.0,2.75,4,0.6,21200000000.0,45,45,32,15,0,0.2535029421785714,20.131887788888882,1.8999014969008814,3.2918746153968246,0.88,0.00082955240308,0.6310164109498704,0.6111099331273105,45.3510256908554,300.8554155590796,357.50043896210315,54.862899538974375,3.2531551901837448,13.920048333477617,MSG,0.1882476802384434,0.9284122689168101,206012885451.19318,0.4985988374259368,1.6254525219,,20.131887788888882,386931839589.7926,upper,0.16351544623717126
hbt_wcs_-40c_2.75v,hbt_wcs,-40.0,2.75,4,1.0,17700000000.0,45,45,32,15,0,0.25506284300396825,21.6887728265873,1.9295877837248712,3.4081147569047614,0.88,0.00085884491874,0.5504699517243717,0.5329511604497126,39.18875625928272,376.4570108365362,416.2672083107991,54.648845221189696,3.234971553678715,15.042683641570193,MSG,0.1505586322726057,0.9496152276102631,214374612359.87115,0.859752005016536,2.8025065659,,21.6887728265873,408046291960.22833,upper,0.15713727946501913
hbt_wcs_-40c_2.75v,hbt_wcs,-40.0,2.75,4,1.0,19450000000.0,45,45,32,15,0,0.25506284300396825,21.6887728265873,1.9295877837248712,3.4081147569047614,0.88,0.00085884491874,0.5884688791777355,0.5698183080891371,42.08165579628329,341.78142017517195,386.6668278561219,54.62155826820122,3.23793665823966,14.63417269481579,MSG,0.16533075795194593,0.9412419811166437,214374612359.87115,0.859752005016536,2.8025065659,,21.6887728265873,408046291960.22833,upper,0.15713727946501913
hbt_wcs_-40c_2.75v,hbt_wcs,-40.0,2.75,4,1.0,21200000000.0,45,45,32,15,0,0.25506284300396825,21.6887728265873,1.9295877837248712,3.4081147569047614,0.88,0.00085884491874,0.6269931829485575,0.6072049511675718,45.04050622738563,312.89502546770564,360.4383774698458,54.591283423136765,3.2411554390289816,14.261054549767003,MSG,0.18008465240318458,0.9323840550942969,214374612359.87115,0.859752005016536,2.8025065659,,21.6887728265873,408046291960.22833,upper,0.15713727946501913
hbt_wcs_-40c_2.75v,hbt_wcs,-40.0,2.75,4,1.4,17700000000.0,45,45,32,15,0,0.2566668962539682,23.557844605555548,1.9627656937949332,2.422574709444444,0.87,0.00061048882678,0.548313532471362,0.5308592576342721,39.0253434613745,360.1155089008867,442.1861879549525,59.01735192870904,3.4110129950557964,14.147197559280828,MSG,0.15293416555609363,0.959578154457048,173485369029.7292,0.8552645701214383,2.78779916,,23.557844605555548,418559554580.32666,upper,0.10283515958302647
hbt_wcs_-40c_2.75v,hbt_wcs,-40.0,2.75,4,1.4,19450000000.0,45,45,32,15,0,0.2566668962539682,23.557844605555548,1.9627656937949332,3.5355594942063484,0.88,0.00089096099254,0.5882313575696965,0.5695878311488044,42.06349429175648,349.7378149166633,386.1567524344101,54.32399542693071,3.225432466658251,14.871803070727694,MSG,0.1616869919381182,0.9428018515382051,220940977630.57944,1.248228573004136,4.068658599,,23.557844605555548,418559554580.32666,upper,0.1500799225652661
hbt_wcs_-40c_2.75v,hbt_wcs,-40.0,2.75,4,1.4,21200000000.0,45,45,32,15,0,0.2566668962539682,23.557844605555548,1.9627656937949332,3.5355594942063484,0.88,0.00089096099254,0.6262787770628091,0.6065115533875174,44.98539725548773,320.2831382945854,360.40702237834466,54.29654351504616,3.2286934298179286,14.498540451600539,MSG,0.17600960283539474,0.9341556408215371,220940977630.57944,1.248228573004136,4.068658599,,23.557844605555548,418559554580.32666,upper,0.1500799225652661
hbt_wcs_-40c_2.75v,hbt_wcs,-40.0,2.75,8,0.6,17700000000.0,45,45,32,15,0,0.253621015079365,20.284937198412695,1.9029884310656369,3.303399824603174,0.88,0.0016649135116,0.5544730837166505,0.5368346078257745,39.492327596551945,183.17644580247088,209.19742123249392,27.81837360175583,1.9831399336074271,14.709510174609836,MSG,0.15602594943635162,0.7936444518243211,209936756351.92368,1.00069118475888,1.7481731992,,20.284937198412695,396678394548.34515,upper,0.16284989163593103
hbt_wcs_-40c_2.75v,hbt_wcs,-40.0,2.75,8,0.6,19450000000.0,45,45,32,15,0,0.253621015079365,20.284937198412695,1.9029884310656369,3.303399824603174,0.88,0.0016649135116,0.5931640825928318,0.5743743328938405,42.44086691272017,166.21142394758596,194.0188183176208,27.80202296387646,1.9923802307335143,14.30118464309883,MSG,0.17127072910521593,0.7661665489413155,209936756351.92368,1.00069118475888,1.7481731992,,20.284937198412695,396678394548.34515,upper,0.16284989163593103
hbt_wcs_-40c_2.75v,hbt_wcs,-40.0,2.75,8,0.6,21200000000.0,45,45,32,15,0,0.253621015079365,20.284937198412695,1.9029884310656369,3.303399824603174,0.88,0.0016649135116,0.6323353675001553,0.6123901475755035,45.45288758934187,152.10419511455171,180.63496715509393,27.783894968941755,2.002437882809483,13.92826879576004,MSG,0.1864971140014272,0.739070901072968,209936756351.92368,1.00069118475888,1.7481731992,,20.284937198412695,396678394548.34515,upper,0.16284989163593103
hbt_wcs_-40c_2.75v,hbt_wcs,-40.0,2.75,8,1.0,17700000000.0,45,45,32,15,0,0.25526335154761903,21.995770037698406,1.9353507034308195,2.3646052783730154,0.87,0.0011917610603,0.5514743181716523,0.5339254885479844,39.26489454546493,177.88421061131646,222.52235801209432,30.01951302229832,2.1024264196984994,13.934729949451338,MSG,0.1553763421928124,0.8394458741832626,171682542257.87894,1.192992365873984,2.0839661422,,21.995770037698406,418005692659.42926,upper,0.10750272776630843
hbt_wcs_-40c_2.75v,hbt_wcs,-40.0,2.75,8,1.0,19450000000.0,45,45,32,15,0,0.25526335154761903,21.995770037698406,1.9353507034308195,3.4292471031746024,0.88,0.00172834054,0.5901161053285484,0.5714166893454771,42.20763421906968,172.87252080431742,195.227115320126,27.652448753519188,1.9820324454970621,14.649043949281639,MSG,0.16403164748608948,0.7767410439681214,218562305798.77887,1.730170121893656,3.0224737051,,21.995770037698406,418005692659.42926,upper,0.15590484430857562
hbt_wcs_-40c_2.75v,hbt_wcs,-40.0,2.75,8,1.0,21200000000.0,45,45,32,15,0,0.25526335154761903,21.995770037698406,1.9353507034308195,3.4292471031746024,0.88,0.00172834054,0.6285376724545915,0.6087040342590995,45.15967849234234,158.2621617442343,182.03585694558697,27.636706919508736,1.9917537940686156,14.275896640500353,MSG,0.17863121280338545,0.7503516902359922,218562305798.77887,1.730170121893656,3.0224737051,,21.995770037698406,418005692659.42926,upper,0.15590484430857562
hbt_wcs_-40c_2.75v,hbt_wcs,-40.0,2.75,8,1.4,17700000000.0,45,45,32,15,0,0.2569527073809524,24.08294963888888,1.9718564795091624,2.4398864710317456,0.87,0.0012297027814,0.549089463766082,0.531611970790262,39.08413395478383,182.3584274967101,223.39962831283935,29.847504905066177,2.091924053348303,14.166679804548947,MSG,0.15179624051208052,0.8433294124128611,176712819524.68375,1.722755427871088,3.0093936763,,24.08294963888888,428337640591.7918,upper,0.10131177898125253
hbt_wcs_-40c_2.75v,hbt_wcs,-40.0,2.75,8,1.4,19450000000.0,45,45,32,15,0,0.2569527073809524,24.08294963888888,1.9718564795091624,2.4398864710317456,0.87,0.0012297027814,0.5898121714209165,0.5711217665817576,42.184386023289704,165.3840707113359,206.17130221632854,29.826177760477176,2.1008860321135936,13.758715915084807,MSG,0.16653854408348848,0.8207874705008323,176712819524.68375,1.722755427871088,3.0093936763,,24.08294963888888,428337640591.7918,upper,0.10131177898125253
hbt_wcs_-40c_2.75v,hbt_wcs,-40.0,2.75,8,1.4,21200000000.0,45,45,32,15,0,0.2569527073809524,24.08294963888888,1.9718564795091624,3.5681433486111103,0.88,0.0017983442477,0.6281663911156712,0.6083436667815044,45.1310266857108,162.0523910158399,181.88674730403835,27.476727833648102,1.9818144130464945,14.520591000934267,MSG,0.1747834229091581,0.7550260341526088,225517044435.24426,2.519471359146632,4.4004662023,,24.08294963888888,428337640591.7918,upper,0.14816056181296464
hbt_wcs_125c_2.25v,hbt_wcs,125.0,2.25,1,0.6,17700000000.0,45,45,29,29,0,0.4106974378095237,47.07384428571428,2.0592576729574352,3.1792795222222217,0.73,0.0002002946099,1.1692819200945967,1.1344776268275139,89.59998789701379,1172.4297454108626,1389.3252483496078,408.64539846446826,9.637015123780742,12.58297921704995,MSG,0.21073609631181195,0.9904316122999142,118445090121.57715,0.1207355546283253,1.3705724891,,23.390166430158725,241172302081.6427,,0.13592376658435976
hbt_wcs_125c_2.25v,hbt_wcs,125.0,2.25,1,0.6,19450000000.0,45,45,29,29,0,0.4106974378095237,47.07384428571428,2.0592576729574352,3.1792795222222217,0.73,0.0002002946099,1.2415547081502838,1.2048834357749463,95.96992784509841,1062.4583323990162,1291.5307914656441,408.2491474458412,9.634622805591256,12.176677962804153,MSG,0.2314264584050604,0.9889178803172627,118445090121.57715,0.1207355546283253,1.3705724891,,23.390166430158725,241172302081.6427,,0.13592376658435976
hbt_wcs_125c_2.25v,hbt_wcs,125.0,2.25,1,0.6,21200000000.0,45,45,29,29,0,0.4106974378095237,47.07384428571428,2.0592576729574352,3.1792795222222217,0.73,0.0002002946099,1.3145916053215045,1.2760641202190703,102.51581380479234,971.2222516881851,1204.627856674039,407.8105252869823,9.631952588853053,11.805970760105797,MSG,0.25208504902336876,0.9872801902849254,118445090121.57715,0.1207355546283253,1.3705724891,,23.390166430158725,241172302081.6427,,0.13592376658435976
hbt_wcs_125c_2.25v,hbt_wcs,125.0,2.25,1,1.0,17700000000.0,45,45,28,28,0,0.4129130955396824,47.40797734761904,2.059992769878823,3.2474222430158726,0.73,0.00020458760131,1.1540084782687856,1.119602623065336,88.26734022363706,1233.325965457853,1412.3154191407164,406.92012701284983,9.620434081982069,13.06121455626286,MSG,0.19562207930685696,0.9911793163561755,124108705591.92935,0.20516059086411662,2.3289534955,,33.798658674603175,287007195184.9219,,0.09608139406597324
hbt_wcs_125c_2.25v,hbt_wcs,125.0,2.25,1,1.0,19450000000.0,45,45,28,28,0,0.4129130955396824,47.40797734761904,2.059992769878823,3.2474222430158726,0.73,0.00020458760131,1.2239107045064435,1.187692430187369,94.4050357574066,1118.2857625198578,1315.70247962522,406.5818566144696,9.618511088216513,12.654341623136098,MSG,0.21484623511884013,0.9898117797380036,124108705591.92935,0.20516059086411662,2.3289534955,,33.798658674603175,287007195184.9219,,0.09608139406597324
hbt_wcs_125c_2.25v,hbt_wcs,125.0,2.25,1,1.0,21200000000.0,45,45,28,28,0,0.4129130955396824,47.40797734761904,2.059992769878823,3.2474222430158726,0.73,0.00020458760131,1.2946903496837887,1.2566656377176166,100.72125107989966,1022.6269312689034,1229.2603008907104,406.2075099495147,9.616363126889322,12.283011219447626,MSG,0.23404543774555983,0.9883309436796267,124108705591.92935,0.20516059086411662,2.3289534955,,33.798658674603175,287007195184.9219,,0.09608139406597324
hbt_wcs_125c_2.25v,hbt_wcs,125.0,2.25,1,1.4,17700000000.0,45,45,27,27,0,0.41544260552380946,47.25477185079364,2.0559346373517626,2.612337368571428,0.72,0.00016457725422,1.1485149106395367,1.114252700078542,87.78915697262507,1201.6171624731205,1502.8304957854034,439.19723137627045,9.915616594228702,12.483522270186793,MSG,0.19721650224750553,0.9923489830626089,107980394513.08684,0.2308137913863072,2.6201652752,,39.78370121269841,300282245191.8548,,0.0656635076411042
hbt_wcs_125c_2.25v,hbt_wcs,125.0,2.25,1,1.4,19450000000.0,45,45,27,27,0,0.41544260552380946,47.25477185079364,2.0559346373517626,3.32074009095238,0.73,0.00020920662573,1.217793434379053,1.1817326359732512,93.86396185390407,1145.3227072758327,1320.8170499644643,404.62661913080194,9.599766670878832,12.907958485905485,MSG,0.20987732878204274,0.9901124482020791,127574180531.95274,0.2934273836463965,3.3309454222,,39.78370121269841,300282245191.8548,,0.08346986302753664
hbt_wcs_125c_2.25v,hbt_wcs,125.0,2.25,1,1.4,21200000000.0,45,45,27,27,0,0.41544260552380946,47.25477185079364,2.0559346373517626,3.32074009095238,0.73,0.00020920662573,1.2874703952377529,1.2496286396218454,100.07223384281032,1047.6438889146557,1235.3844934247688,404.28258506660194,9.59786815085168,12.536334945829687,MSG,0.22819280135777362,0.9886929093668829,127574180531.95274,0.2934273836463965,3.3309454222,,39.78370121269841,300282245191.8548,,0.08346986302753664
hbt_wcs_125c_2.25v,hbt_wcs,125.0,2.25,4,0.6,17700000000.0,45,45,28,28,0,0.4110213999999999,44.574647468253964,2.0352234829275617,3.1927786861904757,0.73,0.00080458022892,1.1773544845929438,1.1423401530756143,90.30623567264284,301.7189171634726,354.22045488692527,104.87580706805896,4.970530572372529,12.594056549393875,MSG,0.20898423783772177,0.9444413550151435,122155094510.4311,0.484995637144178,1.5810810097,,23.67307526865079,248577300785.21857,,0.13486962086495502
hbt_wcs_125c_2.25v,hbt_wcs,125.0,2.25,4,0.6,19450000000.0,45,45,28,28,0,0.4110213999999999,44.574647468253964,2.0352234829275617,3.1927786861904757,0.73,0.00080458022892,1.2493569047377657,1.2124858872434645,96.66395460238589,273.47249257357385,329.47556639739975,104.7653634089499,4.975828716596644,12.18772064222648,MSG,0.2293755851427779,0.9360036408150703,122155094510.4311,0.484995637144178,1.5810810097,,23.67307526865079,248577300785.21857,,0.13486962086495502
hbt_wcs_125c_2.25v,hbt_wcs,125.0,2.25,4,0.6,21200000000.0,45,45,28,28,0,0.4110213999999999,44.574647468253964,2.0352234829275617,3.1927786861904757,0.73,0.00080458022892,1.3221094742143837,1.2833926459357556,103.1958680286825,250.02806156082755,307.44678412664786,104.64250743072465,4.981536248581825,11.816976912269022,MSG,0.249725893352499,0.9270992807846378,122155094510.4311,0.484995637144178,1.5810810097,,23.67307526865079,248577300785.21857,,0.13486962086495502
hbt_wcs_125c_2.25v,hbt_wcs,125.0,2.25,4,1.0,17700000000.0,45,45,27,27,0,0.41346622718253956,45.00894422222221,2.0368587845607635,2.5789339666269835,0.72,0.00064989135959,1.1621843288543867,1.1275650206216794,88.98012158900336,302.4012149965951,381.00023243858396,113.01456182985757,5.188014093716625,12.25868839056072,MSG,0.20044775681353352,0.9556803540803608,108440920286.85204,0.651668019355256,2.1244317227,,34.6297740797619,296467675699.4291,,0.07447157930302949
hbt_wcs_125c_2.25v,hbt_wcs,125.0,2.25,4,1.0,19450000000.0,45,45,27,27,0,0.41346622718253956,45.00894422222221,2.0368587845607635,3.2715684333333326,0.73,0.0008244352452,1.2318681447433735,1.1954453464364754,95.1100145870456,288.1464241979254,335.4796498150473,104.27670913178808,4.959532501452034,12.675207316990837,MSG,0.21334958622823155,0.9415648967289717,128102255552.1095,0.826749384077975,2.6951951466,,34.6297740797619,296467675699.4291,,0.09447270507159562
hbt_wcs_125c_2.25v,hbt_wcs,125.0,2.25,4,1.0,21200000000.0,45,45,27,27,0,0.41346622718253956,45.00894422222221,2.0368587845607635,3.2715684333333326,0.73,0.0008244352452,1.3023118711596897,1.2640943483615157,101.40753769867129,263.5462849471815,313.62946644546554,104.17369268843892,4.965226881944279,12.303820845736077,MSG,0.23231001226260878,0.9334377798823422,128102255552.1095,0.826749384077975,2.6951951466,,34.6297740797619,296467675699.4291,,0.09447270507159562
hbt_wcs_125c_2.25v,hbt_wcs,125.0,2.25,4,1.4,17700000000.0,45,45,26,26,0,0.41623434789682534,45.2221803611111,2.0360135821860568,2.6360596977777773,0.72,0.00066428704384,1.1546437822924063,1.1202213267061376,88.3226787902644,310.1309043201441,383.22482926170306,112.39191157364866,5.1703109500143,12.510958082610983,MSG,0.19598530356959065,0.957267075515387,111364783248.01564,0.931644010414232,3.0371509393,,41.357178626984116,309284357155.84265,,0.06373886675281665
hbt_wcs_125c_2.25v,hbt_wcs,125.0,2.25,4,1.4,19450000000.0,45,45,26,26,0,0.41623434789682534,45.2221803611111,2.0360135821860568,3.3569419129761893,0.73,0.00084594936207,1.2263595046651077,1.1900782518172646,94.62184637549655,295.29880916580987,336.46048048949115,103.70903965218423,4.942609583353037,12.939052449837686,MSG,0.20878982611442853,0.9434403854043227,131846076446.96101,1.1865135828675497,3.8680230617,,41.357178626984116,309284357155.84265,,0.08116950973018991
hbt_wcs_125c_2.25v,hbt_wcs,125.0,2.25,4,1.4,21200000000.0,45,45,26,26,0,0.41623434789682534,45.2221803611111,2.0360135821860568,3.3569419129761893,0.73,0.00084594936207,1.2956587578988696,1.2576095286461986,100.80838547243373,270.1723969950126,314.9320350683389,103.61569331379843,4.948352501376788,12.567359598676017,MSG,0.22691457454157665,0.9355964620187207,131846076446.96101,1.1865135828675497,3.8680230617,,41.357178626984116,309284357155.84265,,0.08116950973018991
hbt_wcs_125c_2.25v,hbt_wcs,125.0,2.25,8,0.6,17700000000.0,45,45,28,28,0,0.41120158246031735,44.90217101984126,2.03821256232691,3.2003411692460313,0.73,0.0016129719493,1.181974514564772,1.1468401465006846,90.71102117541217,153.01195717518303,178.84515275250394,53.1651934886291,3.2847290508320395,12.600177434296604,MSG,0.20744872517547913,0.816768119697532,124095342357.13496,0.972292017201576,1.6985825119,,23.833634724206345,252789976801.2823,,0.134278351006011
hbt_wcs_125c_2.25v,hbt_wcs,125.0,2.25,8,0.6,19450000000.0,45,45,28,28,0,0.41120158246031735,44.90217101984126,2.03821256232691,3.2003411692460313,0.73,0.0016129719493,1.253831800128803,1.2168463779025678,97.06257179703762,138.70254673904054,166.39805899365516,53.10593668164589,3.303180922034003,12.193819757591847,MSG,0.22760266848742502,0.793030939376439,124095342357.13496,0.972292017201576,1.6985825119,,23.833634724206345,252789976801.2823,,0.134278351006011
hbt_wcs_125c_2.25v,hbt_wcs,125.0,2.25,8,0.6,21200000000.0,45,45,28,28,0,0.41120158246031735,44.90217101984126,2.03821256232691,3.2003411692460313,0.73,0.0016129719493,1.3264311258836379,1.2876055981017267,103.58733082475418,126.82284445915762,155.30752983987446,53.040189201733234,3.323172546333822,11.823052068097773,MSG,0.24771525533884484,0.7694363425911567,124095342357.13496,0.972292017201576,1.6985825119,,23.833634724206345,252789976801.2823,,0.134278351006011
hbt_wcs_125c_2.25v,hbt_wcs,125.0,2.25,8,1.0,17700000000.0,45,45,27,27,0,0.413774067876984,45.67941133333332,2.0429572295575262,2.5879094430555547,0.72,0.0013043063593,1.1658460435790934,1.131131263043196,89.29979000167408,153.51171400571954,192.42858475275034,57.23233758679576,3.4436867071742143,12.268972703205296,MSG,0.19920338892811432,0.8552124250649872,110053003896.53197,1.3078753671808,2.2848429845,,35.11131965873015,301913090529.86414,,0.07370584381929067
hbt_wcs_125c_2.25v,hbt_wcs,125.0,2.25,8,1.0,19450000000.0,45,45,27,27,0,0.413774067876984,45.67941133333332,2.0429572295575262,3.2851767055555547,0.73,0.0016557290596,1.236555142384774,1.2000120485226886,95.52585778977321,146.22231073367493,169.37937181903536,52.843071303007406,3.2847096723549756,12.686807730968845,MSG,0.21205476001863902,0.8094961269330313,130187527374.7816,1.660382391047638,2.9006684505,,35.11131965873015,301913090529.86414,,0.09356460359469063
hbt_wcs_125c_2.25v,hbt_wcs,125.0,2.25,8,1.0,21200000000.0,45,45,27,27,0,0.413774067876984,45.67941133333332,2.0429572295575262,3.2851767055555547,0.73,0.0016557290596,1.3068334634201493,1.2685017082201884,101.8152580311944,133.75179637097878,158.3958307575265,52.78853997379744,3.3036653622865075,12.315386436796146,MSG,0.2308233635181145,0.787194925714088,130187527374.7816,1.660382391047638,2.9006684505,,35.11131965873015,301913090529.86414,,0.09356460359469063
hbt_wcs_125c_2.25v,hbt_wcs,125.0,2.25,8,1.4,17700000000.0,45,45,26,26,0,0.41667537704365065,46.27074420039682,2.045508647498915,2.6494740541666655,0.72,0.0013353349233,1.1584996192313355,1.1239764620200177,88.65871767176695,157.49875084630034,193.4849656159481,56.89701755199259,3.427153298343295,12.526260787193003,MSG,0.19502004932037287,0.8600377729842785,113339699635.27333,1.872775425904512,3.2717168297,,38.45401653373015,314779955857.13007,,0.06889980015072457
hbt_wcs_125c_2.25v,hbt_wcs,125.0,2.25,8,1.4,19450000000.0,45,45,26,26,0,0.41667537704365065,46.27074420039682,2.045508647498915,3.3774866148809513,0.73,0.0017022532539,1.2314578912632816,1.1950456284628923,95.07363713621896,149.90091730217995,169.77867507194082,52.53725466665257,3.2690707549810054,12.956435380181793,MSG,0.20782657729011542,0.8150824670285659,134083891975.8154,2.387560013040321,4.1710391983,,38.45401653373015,314779955857.13007,,0.08783182926855952
hbt_wcs_125c_2.25v,hbt_wcs,125.0,2.25,8,1.4,21200000000.0,45,45,26,26,0,0.41667537704365065,46.27074420039682,2.045508647498915,3.3774866148809513,0.73,0.0017022532539,1.3005762333331508,1.2624025900639637,101.25114473801551,137.16178525640078,158.97584722932817,52.4882922002965,3.287649027363787,12.584700082348242,MSG,0.22579109214479592,0.793248740501524,134083891975.8154,2.387560013040321,4.1710391983,,38.45401653373015,314779955857.13007,,0.08783182926855952
hbt_wcs_125c_2.50v,hbt_wcs,125.0,2.5,1,0.6,17700000000.0,45,45,29,29,0,0.4106974378095237,47.07384428571428,2.0592576729574352,3.1792795222222217,0.73,0.0002002946099,1.1692819200945967,1.1344776268275139,89.59998789701379,1172.4297454108626,1389.3252483496078,408.64539846446826,9.637015123780742,12.58297921704995,MSG,0.21073609631181195,0.9904316122999142,118445090121.57715,0.1207355546283253,1.3705724891,,23.390166430158725,241172302081.6427,,0.13592376658435976
hbt_wcs_125c_2.50v,hbt_wcs,125.0,2.5,1,0.6,19450000000.0,45,45,29,29,0,0.4106974378095237,47.07384428571428,2.0592576729574352,3.1792795222222217,0.73,0.0002002946099,1.2415547081502838,1.2048834357749463,95.96992784509841,1062.4583323990162,1291.5307914656441,408.2491474458412,9.634622805591256,12.176677962804153,MSG,0.2314264584050604,0.9889178803172627,118445090121.57715,0.1207355546283253,1.3705724891,,23.390166430158725,241172302081.6427,,0.13592376658435976
hbt_wcs_125c_2.50v,hbt_wcs,125.0,2.5,1,0.6,21200000000.0,45,45,29,29,0,0.4106974378095237,47.07384428571428,2.0592576729574352,3.1792795222222217,0.73,0.0002002946099,1.3145916053215045,1.2760641202190703,102.51581380479234,971.2222516881851,1204.627856674039,407.8105252869823,9.631952588853053,11.805970760105797,MSG,0.25208504902336876,0.9872801902849254,118445090121.57715,0.1207355546283253,1.3705724891,,23.390166430158725,241172302081.6427,,0.13592376658435976
hbt_wcs_125c_2.50v,hbt_wcs,125.0,2.5,1,1.0,17700000000.0,45,45,28,28,0,0.4129130955396824,47.40797734761904,2.059992769878823,3.2474222430158726,0.73,0.00020458760131,1.1540084782687856,1.119602623065336,88.26734022363706,1233.325965457853,1412.3154191407164,406.92012701284983,9.620434081982069,13.06121455626286,MSG,0.19562207930685696,0.9911793163561755,124108705591.92935,0.20516059086411662,2.3289534955,,33.798658674603175,287007195184.9219,,0.09608139406597324
hbt_wcs_125c_2.50v,hbt_wcs,125.0,2.5,1,1.0,19450000000.0,45,45,28,28,0,0.4129130955396824,47.40797734761904,2.059992769878823,3.2474222430158726,0.73,0.00020458760131,1.2239107045064435,1.187692430187369,94.4050357574066,1118.2857625198578,1315.70247962522,406.5818566144696,9.618511088216513,12.654341623136098,MSG,0.21484623511884013,0.9898117797380036,124108705591.92935,0.20516059086411662,2.3289534955,,33.798658674603175,287007195184.9219,,0.09608139406597324
hbt_wcs_125c_2.50v,hbt_wcs,125.0,2.5,1,1.0,21200000000.0,45,45,28,28,0,0.4129130955396824,47.40797734761904,2.059992769878823,3.2474222430158726,0.73,0.00020458760131,1.2946903496837887,1.2566656377176166,100.72125107989966,1022.6269312689034,1229.2603008907104,406.2075099495147,9.616363126889322,12.283011219447626,MSG,0.23404543774555983,0.9883309436796267,124108705591.92935,0.20516059086411662,2.3289534955,,33.798658674603175,287007195184.9219,,0.09608139406597324
hbt_wcs_125c_2.50v,hbt_wcs,125.0,2.5,1,1.4,17700000000.0,45,45,27,27,0,0.41544260552380946,47.25477185079364,2.0559346373517626,2.612337368571428,0.72,0.00016457725422,1.1485149106395367,1.114252700078542,87.78915697262507,1201.6171624731205,1502.8304957854034,439.19723137627045,9.915616594228702,12.483522270186793,MSG,0.19721650224750553,0.9923489830626089,107980394513.08684,0.2308137913863072,2.6201652752,,39.78370121269841,300282245191.8548,,0.0656635076411042
hbt_wcs_125c_2.50v,hbt_wcs,125.0,2.5,1,1.4,19450000000.0,45,45,27,27,0,0.41544260552380946,47.25477185079364,2.0559346373517626,3.32074009095238,0.73,0.00020920662573,1.217793434379053,1.1817326359732512,93.86396185390407,1145.3227072758327,1320.8170499644643,404.62661913080194,9.599766670878832,12.907958485905485,MSG,0.20987732878204274,0.9901124482020791,127574180531.95274,0.2934273836463965,3.3309454222,,39.78370121269841,300282245191.8548,,0.08346986302753664
hbt_wcs_125c_2.50v,hbt_wcs,125.0,2.5,1,1.4,21200000000.0,45,45,27,27,0,0.41544260552380946,47.25477185079364,2.0559346373517626,3.32074009095238,0.73,0.00020920662573,1.2874703952377529,1.2496286396218454,100.07223384281032,1047.6438889146557,1235.3844934247688,404.28258506660194,9.59786815085168,12.536334945829687,MSG,0.22819280135777362,0.9886929093668829,127574180531.95274,0.2934273836463965,3.3309454222,,39.78370121269841,300282245191.8548,,0.08346986302753664
hbt_wcs_125c_2.50v,hbt_wcs,125.0,2.5,4,0.6,17700000000.0,45,45,28,28,0,0.4110213999999999,44.574647468253964,2.0352234829275617,3.1927786861904757,0.73,0.00080458022892,1.1773544845929438,1.1423401530756143,90.30623567264284,301.7189171634726,354.22045488692527,104.87580706805896,4.970530572372529,12.594056549393875,MSG,0.20898423783772177,0.9444413550151435,122155094510.4311,0.484995637144178,1.5810810097,,23.67307526865079,248577300785.21857,,0.13486962086495502
hbt_wcs_125c_2.50v,hbt_wcs,125.0,2.5,4,0.6,19450000000.0,45,45,28,28,0,0.4110213999999999,44.574647468253964,2.0352234829275617,3.1927786861904757,0.73,0.00080458022892,1.2493569047377657,1.2124858872434645,96.66395460238589,273.47249257357385,329.47556639739975,104.7653634089499,4.975828716596644,12.18772064222648,MSG,0.2293755851427779,0.9360036408150703,122155094510.4311,0.484995637144178,1.5810810097,,23.67307526865079,248577300785.21857,,0.13486962086495502
hbt_wcs_125c_2.50v,hbt_wcs,125.0,2.5,4,0.6,21200000000.0,45,45,28,28,0,0.4110213999999999,44.574647468253964,2.0352234829275617,3.1927786861904757,0.73,0.00080458022892,1.3221094742143837,1.2833926459357556,103.1958680286825,250.02806156082755,307.44678412664786,104.64250743072465,4.981536248581825,11.816976912269022,MSG,0.249725893352499,0.9270992807846378,122155094510.4311,0.484995637144178,1.5810810097,,23.67307526865079,248577300785.21857,,0.13486962086495502
hbt_wcs_125c_2.50v,hbt_wcs,125.0,2.5,4,1.0,17700000000.0,45,45,27,27,0,0.41346622718253956,45.00894422222221,2.0368587845607635,2.5789339666269835,0.72,0.00064989135959,1.1621843288543867,1.1275650206216794,88.98012158900336,302.4012149965951,381.00023243858396,113.01456182985757,5.188014093716625,12.25868839056072,MSG,0.20044775681353352,0.9556803540803608,108440920286.85204,0.651668019355256,2.1244317227,,34.6297740797619,296467675699.4291,,0.07447157930302949
hbt_wcs_125c_2.50v,hbt_wcs,125.0,2.5,4,1.0,19450000000.0,45,45,27,27,0,0.41346622718253956,45.00894422222221,2.0368587845607635,3.2715684333333326,0.73,0.0008244352452,1.2318681447433735,1.1954453464364754,95.1100145870456,288.1464241979254,335.4796498150473,104.27670913178808,4.959532501452034,12.675207316990837,MSG,0.21334958622823155,0.9415648967289717,128102255552.1095,0.826749384077975,2.6951951466,,34.6297740797619,296467675699.4291,,0.09447270507159562
hbt_wcs_125c_2.50v,hbt_wcs,125.0,2.5,4,1.0,21200000000.0,45,45,27,27,0,0.41346622718253956,45.00894422222221,2.0368587845607635,3.2715684333333326,0.73,0.0008244352452,1.3023118711596897,1.2640943483615157,101.40753769867129,263.5462849471815,313.62946644546554,104.17369268843892,4.965226881944279,12.303820845736077,MSG,0.23231001226260878,0.9334377798823422,128102255552.1095,0.826749384077975,2.6951951466,,34.6297740797619,296467675699.4291,,0.09447270507159562
hbt_wcs_125c_2.50v,hbt_wcs,125.0,2.5,4,1.4,17700000000.0,45,45,26,26,0,0.41623434789682534,45.2221803611111,2.0360135821860568,2.6360596977777773,0.72,0.00066428704384,1.1546437822924063,1.1202213267061376,88.3226787902644,310.1309043201441,383.22482926170306,112.39191157364866,5.1703109500143,12.510958082610983,MSG,0.19598530356959065,0.957267075515387,111364783248.01564,0.931644010414232,3.0371509393,,41.357178626984116,309284357155.84265,,0.06373886675281665
hbt_wcs_125c_2.50v,hbt_wcs,125.0,2.5,4,1.4,19450000000.0,45,45,26,26,0,0.41623434789682534,45.2221803611111,2.0360135821860568,3.3569419129761893,0.73,0.00084594936207,1.2263595046651077,1.1900782518172646,94.62184637549655,295.29880916580987,336.46048048949115,103.70903965218423,4.942609583353037,12.939052449837686,MSG,0.20878982611442853,0.9434403854043227,131846076446.96101,1.1865135828675497,3.8680230617,,41.357178626984116,309284357155.84265,,0.08116950973018991
hbt_wcs_125c_2.50v,hbt_wcs,125.0,2.5,4,1.4,21200000000.0,45,45,26,26,0,0.41623434789682534,45.2221803611111,2.0360135821860568,3.3569419129761893,0.73,0.00084594936207,1.2956587578988696,1.2576095286461986,100.80838547243373,270.1723969950126,314.9320350683389,103.61569331379843,4.948352501376788,12.567359598676017,MSG,0.22691457454157665,0.9355964620187207,131846076446.96101,1.1865135828675497,3.8680230617,,41.357178626984116,309284357155.84265,,0.08116950973018991
hbt_wcs_125c_2.50v,hbt_wcs,125.0,2.5,8,0.6,17700000000.0,45,45,28,28,0,0.41120158246031735,44.90217101984126,2.03821256232691,3.2003411692460313,0.73,0.0016129719493,1.181974514564772,1.1468401465006846,90.71102117541217,153.01195717518303,178.84515275250394,53.1651934886291,3.2847290508320395,12.600177434296604,MSG,0.20744872517547913,0.816768119697532,124095342357.13496,0.972292017201576,1.6985825119,,23.833634724206345,252789976801.2823,,0.134278351006011
hbt_wcs_125c_2.50v,hbt_wcs,125.0,2.5,8,0.6,19450000000.0,45,45,28,28,0,0.41120158246031735,44.90217101984126,2.03821256232691,3.2003411692460313,0.73,0.0016129719493,1.253831800128803,1.2168463779025678,97.06257179703762,138.70254673904054,166.39805899365516,53.10593668164589,3.303180922034003,12.193819757591847,MSG,0.22760266848742502,0.793030939376439,124095342357.13496,0.972292017201576,1.6985825119,,23.833634724206345,252789976801.2823,,0.134278351006011
hbt_wcs_125c_2.50v,hbt_wcs,125.0,2.5,8,0.6,21200000000.0,45,45,28,28,0,0.41120158246031735,44.90217101984126,2.03821256232691,3.2003411692460313,0.73,0.0016129719493,1.3264311258836379,1.2876055981017267,103.58733082475418,126.82284445915762,155.30752983987446,53.040189201733234,3.323172546333822,11.823052068097773,MSG,0.24771525533884484,0.7694363425911567,124095342357.13496,0.972292017201576,1.6985825119,,23.833634724206345,252789976801.2823,,0.134278351006011
hbt_wcs_125c_2.50v,hbt_wcs,125.0,2.5,8,1.0,17700000000.0,45,45,27,27,0,0.413774067876984,45.67941133333332,2.0429572295575262,2.5879094430555547,0.72,0.0013043063593,1.1658460435790934,1.131131263043196,89.29979000167408,153.51171400571954,192.42858475275034,57.23233758679576,3.4436867071742143,12.268972703205296,MSG,0.19920338892811432,0.8552124250649872,110053003896.53197,1.3078753671808,2.2848429845,,35.11131965873015,301913090529.86414,,0.07370584381929067
hbt_wcs_125c_2.50v,hbt_wcs,125.0,2.5,8,1.0,19450000000.0,45,45,27,27,0,0.413774067876984,45.67941133333332,2.0429572295575262,3.2851767055555547,0.73,0.0016557290596,1.236555142384774,1.2000120485226886,95.52585778977321,146.22231073367493,169.37937181903536,52.843071303007406,3.2847096723549756,12.686807730968845,MSG,0.21205476001863902,0.8094961269330313,130187527374.7816,1.660382391047638,2.9006684505,,35.11131965873015,301913090529.86414,,0.09356460359469063
hbt_wcs_125c_2.50v,hbt_wcs,125.0,2.5,8,1.0,21200000000.0,45,45,27,27,0,0.413774067876984,45.67941133333332,2.0429572295575262,3.2851767055555547,0.73,0.0016557290596,1.3068334634201493,1.2685017082201884,101.8152580311944,133.75179637097878,158.3958307575265,52.78853997379744,3.3036653622865075,12.315386436796146,MSG,0.2308233635181145,0.787194925714088,130187527374.7816,1.660382391047638,2.9006684505,,35.11131965873015,301913090529.86414,,0.09356460359469063
hbt_wcs_125c_2.50v,hbt_wcs,125.0,2.5,8,1.4,17700000000.0,45,45,26,26,0,0.41667537704365065,46.27074420039682,2.045508647498915,2.6494740541666655,0.72,0.0013353349233,1.1584996192313355,1.1239764620200177,88.65871767176695,157.49875084630034,193.4849656159481,56.89701755199259,3.427153298343295,12.526260787193003,MSG,0.19502004932037287,0.8600377729842785,113339699635.27333,1.872775425904512,3.2717168297,,38.45401653373015,314779955857.13007,,0.06889980015072457
hbt_wcs_125c_2.50v,hbt_wcs,125.0,2.5,8,1.4,19450000000.0,45,45,26,26,0,0.41667537704365065,46.27074420039682,2.045508647498915,3.3774866148809513,0.73,0.0017022532539,1.2314578912632816,1.1950456284628923,95.07363713621896,149.90091730217995,169.77867507194082,52.53725466665257,3.2690707549810054,12.956435380181793,MSG,0.20782657729011542,0.8150824670285659,134083891975.8154,2.387560013040321,4.1710391983,,38.45401653373015,314779955857.13007,,0.08783182926855952
hbt_wcs_125c_2.50v,hbt_wcs,125.0,2.5,8,1.4,21200000000.0,45,45,26,26,0,0.41667537704365065,46.27074420039682,2.045508647498915,3.3774866148809513,0.73,0.0017022532539,1.3005762333331508,1.2624025900639637,101.25114473801551,137.16178525640078,158.97584722932817,52.4882922002965,3.287649027363787,12.584700082348242,MSG,0.22579109214479592,0.793248740501524,134083891975.8154,2.387560013040321,4.1710391983,,38.45401653373015,314779955857.13007,,0.08783182926855952
hbt_wcs_125c_2.75v,hbt_wcs,125.0,2.75,1,0.6,17700000000.0,45,45,29,29,0,0.4106974378095237,47.07384428571428,2.0592576729574352,3.1792795222222217,0.73,0.0002002946099,1.1692819200945967,1.1344776268275139,89.59998789701379,1172.4297454108626,1389.3252483496078,408.64539846446826,9.637015123780742,12.58297921704995,MSG,0.21073609631181195,0.9904316122999142,118445090121.57715,0.1207355546283253,1.3705724891,,23.390166430158725,241172302081.6427,,0.13592376658435976
hbt_wcs_125c_2.75v,hbt_wcs,125.0,2.75,1,0.6,19450000000.0,45,45,29,29,0,0.4106974378095237,47.07384428571428,2.0592576729574352,3.1792795222222217,0.73,0.0002002946099,1.2415547081502838,1.2048834357749463,95.96992784509841,1062.4583323990162,1291.5307914656441,408.2491474458412,9.634622805591256,12.176677962804153,MSG,0.2314264584050604,0.9889178803172627,118445090121.57715,0.1207355546283253,1.3705724891,,23.390166430158725,241172302081.6427,,0.13592376658435976
hbt_wcs_125c_2.75v,hbt_wcs,125.0,2.75,1,0.6,21200000000.0,45,45,29,29,0,0.4106974378095237,47.07384428571428,2.0592576729574352,3.1792795222222217,0.73,0.0002002946099,1.3145916053215045,1.2760641202190703,102.51581380479234,971.2222516881851,1204.627856674039,407.8105252869823,9.631952588853053,11.805970760105797,MSG,0.25208504902336876,0.9872801902849254,118445090121.57715,0.1207355546283253,1.3705724891,,23.390166430158725,241172302081.6427,,0.13592376658435976
hbt_wcs_125c_2.75v,hbt_wcs,125.0,2.75,1,1.0,17700000000.0,45,45,28,28,0,0.4129130955396824,47.40797734761904,2.059992769878823,3.2474222430158726,0.73,0.00020458760131,1.1540084782687856,1.119602623065336,88.26734022363706,1233.325965457853,1412.3154191407164,406.92012701284983,9.620434081982069,13.06121455626286,MSG,0.19562207930685696,0.9911793163561755,124108705591.92935,0.20516059086411662,2.3289534955,,33.798658674603175,287007195184.9219,,0.09608139406597324
hbt_wcs_125c_2.75v,hbt_wcs,125.0,2.75,1,1.0,19450000000.0,45,45,28,28,0,0.4129130955396824,47.40797734761904,2.059992769878823,3.2474222430158726,0.73,0.00020458760131,1.2239107045064435,1.187692430187369,94.4050357574066,1118.2857625198578,1315.70247962522,406.5818566144696,9.618511088216513,12.654341623136098,MSG,0.21484623511884013,0.9898117797380036,124108705591.92935,0.20516059086411662,2.3289534955,,33.798658674603175,287007195184.9219,,0.09608139406597324
hbt_wcs_125c_2.75v,hbt_wcs,125.0,2.75,1,1.0,21200000000.0,45,45,28,28,0,0.4129130955396824,47.40797734761904,2.059992769878823,3.2474222430158726,0.73,0.00020458760131,1.2946903496837887,1.2566656377176166,100.72125107989966,1022.6269312689034,1229.2603008907104,406.2075099495147,9.616363126889322,12.283011219447626,MSG,0.23404543774555983,0.9883309436796267,124108705591.92935,0.20516059086411662,2.3289534955,,33.798658674603175,287007195184.9219,,0.09608139406597324
hbt_wcs_125c_2.75v,hbt_wcs,125.0,2.75,1,1.4,17700000000.0,45,45,27,27,0,0.41544260552380946,47.25477185079364,2.0559346373517626,2.612337368571428,0.72,0.00016457725422,1.1485149106395367,1.114252700078542,87.78915697262507,1201.6171624731205,1502.8304957854034,439.19723137627045,9.915616594228702,12.483522270186793,MSG,0.19721650224750553,0.9923489830626089,107980394513.08684,0.2308137913863072,2.6201652752,,39.78370121269841,300282245191.8548,,0.0656635076411042
hbt_wcs_125c_2.75v,hbt_wcs,125.0,2.75,1,1.4,19450000000.0,45,45,27,27,0,0.41544260552380946,47.25477185079364,2.0559346373517626,3.32074009095238,0.73,0.00020920662573,1.217793434379053,1.1817326359732512,93.86396185390407,1145.3227072758327,1320.8170499644643,404.62661913080194,9.599766670878832,12.907958485905485,MSG,0.20987732878204274,0.9901124482020791,127574180531.95274,0.2934273836463965,3.3309454222,,39.78370121269841,300282245191.8548,,0.08346986302753664
hbt_wcs_125c_2.75v,hbt_wcs,125.0,2.75,1,1.4,21200000000.0,45,45,27,27,0,0.41544260552380946,47.25477185079364,2.0559346373517626,3.32074009095238,0.73,0.00020920662573,1.2874703952377529,1.2496286396218454,100.07223384281032,1047.6438889146557,1235.3844934247688,404.28258506660194,9.59786815085168,12.536334945829687,MSG,0.22819280135777362,0.9886929093668829,127574180531.95274,0.2934273836463965,3.3309454222,,39.78370121269841,300282245191.8548,,0.08346986302753664
hbt_wcs_125c_2.75v,hbt_wcs,125.0,2.75,4,0.6,17700000000.0,45,45,28,28,0,0.4110213999999999,44.574647468253964,2.0352234829275617,3.1927786861904757,0.73,0.00080458022892,1.1773544845929438,1.1423401530756143,90.30623567264284,301.7189171634726,354.22045488692527,104.87580706805896,4.970530572372529,12.594056549393875,MSG,0.20898423783772177,0.9444413550151435,122155094510.4311,0.484995637144178,1.5810810097,,23.67307526865079,248577300785.21857,,0.13486962086495502
hbt_wcs_125c_2.75v,hbt_wcs,125.0,2.75,4,0.6,19450000000.0,45,45,28,28,0,0.4110213999999999,44.574647468253964,2.0352234829275617,3.1927786861904757,0.73,0.00080458022892,1.2493569047377657,1.2124858872434645,96.66395460238589,273.47249257357385,329.47556639739975,104.7653634089499,4.975828716596644,12.18772064222648,MSG,0.2293755851427779,0.9360036408150703,122155094510.4311,0.484995637144178,1.5810810097,,23.67307526865079,248577300785.21857,,0.13486962086495502
hbt_wcs_125c_2.75v,hbt_wcs,125.0,2.75,4,0.6,21200000000.0,45,45,28,28,0,0.4110213999999999,44.574647468253964,2.0352234829275617,3.1927786861904757,0.73,0.00080458022892,1.3221094742143837,1.2833926459357556,103.1958680286825,250.02806156082755,307.44678412664786,104.64250743072465,4.981536248581825,11.816976912269022,MSG,0.249725893352499,0.9270992807846378,122155094510.4311,0.484995637144178,1.5810810097,,23.67307526865079,248577300785.21857,,0.13486962086495502
hbt_wcs_125c_2.75v,hbt_wcs,125.0,2.75,4,1.0,17700000000.0,45,45,27,27,0,0.41346622718253956,45.00894422222221,2.0368587845607635,2.5789339666269835,0.72,0.00064989135959,1.1621843288543867,1.1275650206216794,88.98012158900336,302.4012149965951,381.00023243858396,113.01456182985757,5.188014093716625,12.25868839056072,MSG,0.20044775681353352,0.9556803540803608,108440920286.85204,0.651668019355256,2.1244317227,,34.6297740797619,296467675699.4291,,0.07447157930302949
hbt_wcs_125c_2.75v,hbt_wcs,125.0,2.75,4,1.0,19450000000.0,45,45,27,27,0,0.41346622718253956,45.00894422222221,2.0368587845607635,3.2715684333333326,0.73,0.0008244352452,1.2318681447433735,1.1954453464364754,95.1100145870456,288.1464241979254,335.4796498150473,104.27670913178808,4.959532501452034,12.675207316990837,MSG,0.21334958622823155,0.9415648967289717,128102255552.1095,0.826749384077975,2.6951951466,,34.6297740797619,296467675699.4291,,0.09447270507159562
hbt_wcs_125c_2.75v,hbt_wcs,125.0,2.75,4,1.0,21200000000.0,45,45,27,27,0,0.41346622718253956,45.00894422222221,2.0368587845607635,3.2715684333333326,0.73,0.0008244352452,1.3023118711596897,1.2640943483615157,101.40753769867129,263.5462849471815,313.62946644546554,104.17369268843892,4.965226881944279,12.303820845736077,MSG,0.23231001226260878,0.9334377798823422,128102255552.1095,0.826749384077975,2.6951951466,,34.6297740797619,296467675699.4291,,0.09447270507159562
hbt_wcs_125c_2.75v,hbt_wcs,125.0,2.75,4,1.4,17700000000.0,45,45,26,26,0,0.41623434789682534,45.2221803611111,2.0360135821860568,2.6360596977777773,0.72,0.00066428704384,1.1546437822924063,1.1202213267061376,88.3226787902644,310.1309043201441,383.22482926170306,112.39191157364866,5.1703109500143,12.510958082610983,MSG,0.19598530356959065,0.957267075515387,111364783248.01564,0.931644010414232,3.0371509393,,41.357178626984116,309284357155.84265,,0.06373886675281665
hbt_wcs_125c_2.75v,hbt_wcs,125.0,2.75,4,1.4,19450000000.0,45,45,26,26,0,0.41623434789682534,45.2221803611111,2.0360135821860568,3.3569419129761893,0.73,0.00084594936207,1.2263595046651077,1.1900782518172646,94.62184637549655,295.29880916580987,336.46048048949115,103.70903965218423,4.942609583353037,12.939052449837686,MSG,0.20878982611442853,0.9434403854043227,131846076446.96101,1.1865135828675497,3.8680230617,,41.357178626984116,309284357155.84265,,0.08116950973018991
hbt_wcs_125c_2.75v,hbt_wcs,125.0,2.75,4,1.4,21200000000.0,45,45,26,26,0,0.41623434789682534,45.2221803611111,2.0360135821860568,3.3569419129761893,0.73,0.00084594936207,1.2956587578988696,1.2576095286461986,100.80838547243373,270.1723969950126,314.9320350683389,103.61569331379843,4.948352501376788,12.567359598676017,MSG,0.22691457454157665,0.9355964620187207,131846076446.96101,1.1865135828675497,3.8680230617,,41.357178626984116,309284357155.84265,,0.08116950973018991
hbt_wcs_125c_2.75v,hbt_wcs,125.0,2.75,8,0.6,17700000000.0,45,45,28,28,0,0.41120158246031735,44.90217101984126,2.03821256232691,3.2003411692460313,0.73,0.0016129719493,1.181974514564772,1.1468401465006846,90.71102117541217,153.01195717518303,178.84515275250394,53.1651934886291,3.2847290508320395,12.600177434296604,MSG,0.20744872517547913,0.816768119697532,124095342357.13496,0.972292017201576,1.6985825119,,23.833634724206345,252789976801.2823,,0.134278351006011
hbt_wcs_125c_2.75v,hbt_wcs,125.0,2.75,8,0.6,19450000000.0,45,45,28,28,0,0.41120158246031735,44.90217101984126,2.03821256232691,3.2003411692460313,0.73,0.0016129719493,1.253831800128803,1.2168463779025678,97.06257179703762,138.70254673904054,166.39805899365516,53.10593668164589,3.303180922034003,12.193819757591847,MSG,0.22760266848742502,0.793030939376439,124095342357.13496,0.972292017201576,1.6985825119,,23.833634724206345,252789976801.2823,,0.134278351006011
hbt_wcs_125c_2.75v,hbt_wcs,125.0,2.75,8,0.6,21200000000.0,45,45,28,28,0,0.41120158246031735,44.90217101984126,2.03821256232691,3.2003411692460313,0.73,0.0016129719493,1.3264311258836379,1.2876055981017267,103.58733082475418,126.82284445915762,155.30752983987446,53.040189201733234,3.323172546333822,11.823052068097773,MSG,0.24771525533884484,0.7694363425911567,124095342357.13496,0.972292017201576,1.6985825119,,23.833634724206345,252789976801.2823,,0.134278351006011
hbt_wcs_125c_2.75v,hbt_wcs,125.0,2.75,8,1.0,17700000000.0,45,45,27,27,0,0.413774067876984,45.67941133333332,2.0429572295575262,2.5879094430555547,0.72,0.0013043063593,1.1658460435790934,1.131131263043196,89.29979000167408,153.51171400571954,192.42858475275034,57.23233758679576,3.4436867071742143,12.268972703205296,MSG,0.19920338892811432,0.8552124250649872,110053003896.53197,1.3078753671808,2.2848429845,,35.11131965873015,301913090529.86414,,0.07370584381929067
hbt_wcs_125c_2.75v,hbt_wcs,125.0,2.75,8,1.0,19450000000.0,45,45,27,27,0,0.413774067876984,45.67941133333332,2.0429572295575262,3.2851767055555547,0.73,0.0016557290596,1.236555142384774,1.2000120485226886,95.52585778977321,146.22231073367493,169.37937181903536,52.843071303007406,3.2847096723549756,12.686807730968845,MSG,0.21205476001863902,0.8094961269330313,130187527374.7816,1.660382391047638,2.9006684505,,35.11131965873015,301913090529.86414,,0.09356460359469063
hbt_wcs_125c_2.75v,hbt_wcs,125.0,2.75,8,1.0,21200000000.0,45,45,27,27,0,0.413774067876984,45.67941133333332,2.0429572295575262,3.2851767055555547,0.73,0.0016557290596,1.3068334634201493,1.2685017082201884,101.8152580311944,133.75179637097878,158.3958307575265,52.78853997379744,3.3036653622865075,12.315386436796146,MSG,0.2308233635181145,0.787194925714088,130187527374.7816,1.660382391047638,2.9006684505,,35.11131965873015,301913090529.86414,,0.09356460359469063
hbt_wcs_125c_2.75v,hbt_wcs,125.0,2.75,8,1.4,17700000000.0,45,45,26,26,0,0.41667537704365065,46.27074420039682,2.045508647498915,2.6494740541666655,0.72,0.0013353349233,1.1584996192313355,1.1239764620200177,88.65871767176695,157.49875084630034,193.4849656159481,56.89701755199259,3.427153298343295,12.526260787193003,MSG,0.19502004932037287,0.8600377729842785,113339699635.27333,1.872775425904512,3.2717168297,,38.45401653373015,314779955857.13007,,0.06889980015072457
hbt_wcs_125c_2.75v,hbt_wcs,125.0,2.75,8,1.4,19450000000.0,45,45,26,26,0,0.41667537704365065,46.27074420039682,2.045508647498915,3.3774866148809513,0.73,0.0017022532539,1.2314578912632816,1.1950456284628923,95.07363713621896,149.90091730217995,169.77867507194082,52.53725466665257,3.2690707549810054,12.956435380181793,MSG,0.20782657729011542,0.8150824670285659,134083891975.8154,2.387560013040321,4.1710391983,,38.45401653373015,314779955857.13007,,0.08783182926855952
hbt_wcs_125c_2.75v,hbt_wcs,125.0,2.75,8,1.4,21200000000.0,45,45,26,26,0,0.41667537704365065,46.27074420039682,2.045508647498915,3.3774866148809513,0.73,0.0017022532539,1.3005762333331508,1.2624025900639637,101.25114473801551,137.16178525640078,158.97584722932817,52.4882922002965,3.287649027363787,12.584700082348242,MSG,0.22579109214479592,0.793248740501524,134083891975.8154,2.387560013040321,4.1710391983,,38.45401653373015,314779955857.13007,,0.08783182926855952
hbt_wcs_27c_2.25v,hbt_wcs,27.0,2.25,1,0.6,17700000000.0,45,45,32,22,0,0.2799768568571428,34.05856129523809,2.0851041648609954,3.027602811587301,0.82,0.00019073897713,0.7883351319655385,0.7638873356327207,57.72147332210551,1288.2013518171184,1502.1210712479328,289.0508050433647,8.321003686080761,13.594063529986492,MSG,0.1807269217836029,0.991902349502475,150498989984.11218,0.11479325804617638,1.3031386288,,27.868550944444436,316692377575.4892,,0.1086386880187199
hbt_wcs_27c_2.25v,hbt_wcs,27.0,2.25,1,0.6,19450000000.0,45,45,32,22,0,0.2799768568571428,34.05856129523809,2.0851041648609954,3.027602811587301,0.82,0.00019073897713,0.8407400864895185,0.8148146537726936,61.942736513152134,1168.1090923868728,1394.411258230935,288.8366512045783,8.319209206846104,13.186627639326112,MSG,0.19849321786489174,0.9905665123398067,150498989984.11218,0.11479325804617638,1.3031386288,,27.868550944444436,316692377575.4892,,0.1086386880187199
hbt_wcs_27c_2.25v,hbt_wcs,27.0,2.25,1,0.6,21200000000.0,45,45,32,21,0,0.4037246742539682,34.05856129523809,1.9261410057118997,3.027602811587301,0.82,0.00019073897713,0.8937704012331587,0.8663672371195106,66.26654165632281,1068.3632895381718,1299.140044488946,288.599888371851,8.31721204682448,12.814682382935157,MSG,0.21623756734504732,0.9891203873424745,150498989984.11218,0.11479325804617638,1.3031386288,,27.868550944444436,316692377575.4892,,0.1086386880187199
hbt_wcs_27c_2.25v,hbt_wcs,27.0,2.25,1,1.0,17700000000.0,45,45,32,22,0,0.2813992279047618,36.495514830158726,2.1129165929828955,3.10269628015873,0.82,0.00019546986565,0.781973719874905,0.7577064752382879,57.21251443985649,1341.2456007567569,1516.5584658195773,287.79155601289045,8.304809341571213,13.962169228813345,MSG,0.17121332269390194,0.9923764542227818,156641602782.62997,0.19583032516268742,2.2230865414,,36.495514830158726,347871144520.585,upper,0.08501582439918784
hbt_wcs_27c_2.25v,hbt_wcs,27.0,2.25,1,1.0,19450000000.0,45,45,32,22,0,0.2813992279047618,36.495514830158726,2.1129165929828955,3.10269628015873,0.82,0.00019546986565,0.8331604080958803,0.8074476253925201,61.329031677465174,1216.8446795882826,1410.2427004082685,287.6027897141213,8.303305612853244,13.554417665464392,MSG,0.18805464383678455,0.9911339194463756,156641602782.62997,0.19583032516268742,2.2230865414,,36.495514830158726,347871144520.585,upper,0.08501582439918784
hbt_wcs_27c_2.25v,hbt_wcs,27.0,2.25,1,1.0,21200000000.0,45,45,32,21,0,0.4062793901111111,36.495514830158726,1.9534147026418256,3.10269628015873,0.82,0.00019546986565,0.8850331658410837,0.8578722662547761,65.550517004953,1113.330782313843,1315.6922654309685,287.39416900552516,8.301631526348643,13.182127982493736,MSG,0.20487706018326488,0.9897878715308733,156641602782.62997,0.19583032516268742,2.2230865414,,36.495514830158726,347871144520.585,upper,0.08501582439918784
hbt_wcs_27c_2.25v,hbt_wcs,27.0,2.25,1,1.4,17700000000.0,45,45,32,22,0,0.2828989871904761,39.37019863492063,2.143536213309044,3.183168489206348,0.82,0.00020053961482,0.7799878754618879,0.7557770463642505,57.05378518060098,1371.4230882781662,1517.7692339376279,286.4241321387101,8.28719897841583,14.194151396247989,MSG,0.16722354818881438,0.9925880195631144,161046217166.9199,0.2811033274151862,3.1911256383,,39.37019863492063,357326158169.7033,upper,0.08085223340435314
hbt_wcs_27c_2.25v,hbt_wcs,27.0,2.25,1,1.4,19450000000.0,45,45,32,22,0,0.2828989871904761,39.37019863492063,2.143536213309044,3.183168489206348,0.82,0.00020053961482,0.8304425011978654,0.804806058044113,61.10923130955296,1244.7289582453288,1413.2141393699278,286.25011938227436,8.285867582489102,13.786218438173155,MSG,0.18345500875228446,0.9913891226176417,161046217166.9199,0.2811033274151862,3.1911256383,,39.37019863492063,357326158169.7033,upper,0.08085223340435314
hbt_wcs_27c_2.25v,hbt_wcs,27.0,2.25,1,1.4,21200000000.0,45,45,32,21,0,0.4089542357142856,39.37019863492063,1.9834928952225033,3.183168489206348,0.82,0.00020053961482,0.88162710600296,0.8545607774919123,65.27177720452532,1139.1608744149837,1319.8380072255197,286.0579136190138,8.284385642067539,13.41373050890258,MSG,0.19968642249264654,0.9900896812618143,161046217166.9199,0.2811033274151862,3.1911256383,,39.37019863492063,357326158169.7033,upper,0.08085223340435314
hbt_wcs_27c_2.25v,hbt_wcs,27.0,2.25,4,0.6,17700000000.0,45,45,32,22,0,0.28017938843650786,34.55602871190475,2.091087643186559,3.0428125245238093,0.82,0.00076678875618,0.7925322326280325,0.7679654534205618,58.057680094255986,330.5738046522099,383.2555496962707,74.12069730141359,3.989494250336152,13.607155476371693,MSG,0.1789835155843469,0.9477804992689396,155617830262.65634,0.46148201870836,1.5044805711,,25.262878365873007,327737867404.65,,0.12044599512596589
hbt_wcs_27c_2.25v,hbt_wcs,27.0,2.25,4,0.6,19450000000.0,45,45,32,22,0,0.28017938843650786,34.55602871190475,2.091087643186559,3.0428125245238093,0.82,0.00076678875618,0.8446806670031505,0.8186448226259102,62.262217446530784,299.7781226050069,355.96993551790405,74.06221150944697,3.9933697592397364,13.199683126536524,MSG,0.19649259065476726,0.9394678794131917,155617830262.65634,0.46148201870836,1.5044805711,,25.262878365873007,327737867404.65,,0.12044599512596589
hbt_wcs_27c_2.25v,hbt_wcs,27.0,2.25,4,0.6,21200000000.0,45,45,32,21,0,0.40412842134920623,34.55602871190475,1.9320044318092517,3.0428125245238093,0.82,0.00076678875618,0.897456683682238,0.8699514490357805,66.56906832312123,274.19359060778544,331.7943003352509,73.9972275396243,3.997558688970094,12.827699274226685,MSG,0.21397427725524956,0.9306848430775725,155617830262.65634,0.46148201870836,1.5044805711,,25.262878365873007,327737867404.65,,0.12044599512596589
hbt_wcs_27c_2.25v,hbt_wcs,27.0,2.25,4,1.0,17700000000.0,45,45,32,22,0,0.2817431751865079,37.4843519392857,2.123996602100783,3.129993893928571,0.82,0.00078875846127,0.7864899970479284,0.7620945434886666,57.57377244514602,344.4861312893892,386.62221496583345,73.75180861739689,3.975680900285321,13.985826512355864,MSG,0.16982021048789853,0.9511397160265088,162133188407.6062,0.7902170753847381,2.5761917245,,33.94485497023808,359005380546.6868,,0.09220819758024784
hbt_wcs_27c_2.25v,hbt_wcs,27.0,2.25,4,1.0,19450000000.0,45,45,32,22,0,0.2817431751865079,37.4843519392857,2.123996602100783,3.129993893928571,0.82,0.00078875846127,0.8373670769063255,0.8115362303804187,61.66950132358956,312.57063037293005,359.77995781772614,73.70098070216628,3.9795635324820404,13.5780259577513,MSG,0.18645379769125048,0.9433601550352996,162133188407.6062,0.7902170753847381,2.5761917245,,33.94485497023808,359005380546.6868,,0.09220819758024784
hbt_wcs_27c_2.25v,hbt_wcs,27.0,2.25,4,1.0,21200000000.0,45,45,32,22,0,0.2817431751865079,37.4843519392857,2.123996602100783,3.129993893928571,0.82,0.00078875846127,0.8889420721950807,0.861672728559516,65.87067749002395,286.00227641112605,335.8529724311769,73.64449809926093,3.9837661242374036,13.205684195460085,MSG,0.20306299589309823,0.9351220567478687,162133188407.6062,0.7902170753847381,2.5761917245,,33.94485497023808,359005380546.6868,,0.09220819758024784
hbt_wcs_27c_2.25v,hbt_wcs,27.0,2.25,4,1.4,17700000000.0,45,45,32,22,0,0.28338879964285707,41.05294281746031,2.160961612649488,2.3565056566269837,0.81,0.00059383942547,0.7849999909158166,0.7606468216116478,57.454544998335535,330.94016875981316,411.6947254781051,80.06535331382595,4.189446380368777,13.196393645280875,MSG,0.1722076108200287,0.9600313296296406,134675276240.14757,0.832372303448806,2.7138048351,,37.074910724999995,369234819637.66504,,0.06356065626445238
hbt_wcs_27c_2.25v,hbt_wcs,27.0,2.25,4,1.4,19450000000.0,45,45,32,22,0,0.28338879964285707,41.05294281746031,2.160961612649488,3.224344989801587,0.82,0.00081253493743,0.8351743423099646,0.8094050229208469,61.491989685788646,319.9364593900027,360.1557030302535,73.30606005223554,3.96525710097172,13.82113444805531,MSG,0.18215446124005713,0.9450063715042069,166928260910.837,1.138964896110328,3.7131342745,,37.074910724999995,369234819637.66504,,0.08696838176409627
hbt_wcs_27c_2.25v,hbt_wcs,27.0,2.25,4,1.4,21200000000.0,45,45,32,22,0,0.28338879964285707,41.05294281746031,2.160961612649488,3.224344989801587,0.82,0.00081253493743,0.8860242022458067,0.8588357995435121,65.63166095854469,292.83322800876704,336.60166845355496,73.25463301793293,3.9695053020034003,13.448583704916464,MSG,0.19820881340158691,0.9369980625896646,166928260910.837,1.138964896110328,3.7131342745,,37.074910724999995,369234819637.66504,,0.08696838176409627
hbt_wcs_27c_2.25v,hbt_wcs,27.0,2.25,8,0.6,17700000000.0,45,45,32,22,0,0.2802919576190475,34.83912724404761,2.0944566301651077,3.0513358664682535,0.82,0.0015378732767,0.7950602853309938,0.7704218926965379,58.26034541584723,167.4184510522071,193.56924105761658,37.55637631328579,2.525472088196048,13.614398787381871,MSG,0.1775394197178498,0.812337515259498,158313849207.43698,0.925551913081124,1.6169540915,,25.453609688492058,334297209931.8653,,0.11987831603498683
hbt_wcs_27c_2.25v,hbt_wcs,27.0,2.25,8,0.6,19450000000.0,45,45,32,22,0,0.2802919576190475,34.83912724404761,2.0944566301651077,3.0513358664682535,0.82,0.0015378732767,0.8470854068456252,0.8209822315642428,62.457323208231664,151.82867915154063,179.83711922745522,37.525409105032,2.538420619466967,13.20690470889361,MSG,0.19484606678880542,0.7873146465408383,158313849207.43698,0.925551913081124,1.6169540915,,25.453609688492058,334297209931.8653,,0.11987831603498683
hbt_wcs_27c_2.25v,hbt_wcs,27.0,2.25,8,0.6,21200000000.0,45,45,32,21,0,0.4043529840277777,34.83912724404761,1.9353066145013724,3.0513358664682535,0.82,0.0015378732767,0.8997382505661025,0.8721698831506968,66.75644116462031,138.87508947668272,167.6600023299386,37.49104652640882,2.552486236870644,12.83489710435995,MSG,0.2121257875784653,0.7624702682724932,158313849207.43698,0.925551913081124,1.6169540915,,25.453609688492058,334297209931.8653,,0.11987831603498683
hbt_wcs_27c_2.25v,hbt_wcs,27.0,2.25,8,1.0,17700000000.0,45,45,32,22,0,0.28193447313492054,38.061747041666656,2.130340536754823,3.1454057926587295,0.82,0.0015852845195,0.789249651482141,0.7647759200741768,57.79470279442501,174.5431604094349,195.1744092701905,37.35690850559027,2.512726915468433,13.99900175601058,MSG,0.16868054805142407,0.8232045615442228,165025046080.53314,1.588220744336474,2.7746527943,,34.45025236904761,366461796102.09406,,0.09130283746440042
hbt_wcs_27c_2.25v,hbt_wcs,27.0,2.25,8,1.0,19450000000.0,45,45,32,22,0,0.28193447313492054,38.061747041666656,2.130340536754823,3.1454057926587295,0.82,0.0015852845195,0.8399813024829854,0.8140771414208202,61.88125169046171,158.38237438916218,181.6907733542112,37.330260122905706,2.525169163679032,13.59117229762077,MSG,0.18514378971226916,0.7991977382845676,165025046080.53314,1.588220744336474,2.7746527943,,34.45025236904761,366461796102.09406,,0.09130283746440042
hbt_wcs_27c_2.25v,hbt_wcs,27.0,2.25,8,1.0,21200000000.0,45,45,32,22,0,0.28193447313492054,38.061747041666656,2.130340536754823,3.1454057926587295,0.82,0.0015852845195,0.8914162136257067,0.8640782793790963,66.07347196960274,144.9259836203025,169.6574810083598,37.30065482622344,2.538690738170633,13.218799156304886,MSG,0.20158302553592905,0.7752443129084866,165025046080.53314,1.588220744336474,2.7746527943,,34.45025236904761,366461796102.09406,,0.09130283746440042
hbt_wcs_27c_2.25v,hbt_wcs,27.0,2.25,8,1.4,17700000000.0,45,45,32,22,0,0.2836614733928571,42.060740063492055,2.1710765555031815,2.3701116642857136,0.81,0.0011945362788,0.7867221486651508,0.7623201082422099,57.592352457881695,167.85462054759077,207.9667624558626,40.509410041590876,2.664157098875327,13.213306460604485,MSG,0.17111839000351292,0.8572778059059347,136972222050.39763,1.6743601020894208,2.9252352188,,37.9598377579365,376554364794.7978,,0.06243734969046805
hbt_wcs_27c_2.25v,hbt_wcs,27.0,2.25,8,1.4,19450000000.0,45,45,32,22,0,0.2836614733928571,42.060740063492055,2.1710765555031815,3.2478198109126977,0.82,0.0016369011847,0.8381298227358132,0.8122775809854879,61.73127001117035,162.16948363055562,181.7656731756492,37.11658067059848,2.5130520043665507,13.84071850754755,MSG,0.18109043052819432,0.8039826504452989,170036947734.945,2.294521706469272,4.0088937621,,37.9598377579365,376554364794.7978,,0.08555937018549706
hbt_wcs_27c_2.25v,hbt_wcs,27.0,2.25,8,1.4,21200000000.0,45,45,32,22,0,0.2836614733928571,42.060740063492055,2.1710765555031815,3.2478198109126977,0.82,0.0016369011847,0.888822636414306,0.8615566048576946,65.86089078778667,148.44018664751647,169.9419596828111,37.0898339498873,2.526333935889418,13.468130125032964,MSG,0.1969980188762425,0.780382606727502,170036947734.945,2.294521706469272,4.0088937621,,37.9598377579365,376554364794.7978,,0.08555937018549706
hbt_wcs_27c_2.50v,hbt_wcs,27.0,2.5,1,0.6,17700000000.0,45,45,32,22,0,0.2799768568571428,34.05856129523809,2.0851041648609954,3.027602811587301,0.82,0.00019073897713,0.7883351319655385,0.7638873356327207,57.72147332210551,1288.2013518171184,1502.1210712479328,289.0508050433647,8.321003686080761,13.594063529986492,MSG,0.1807269217836029,0.991902349502475,150498989984.11218,0.11479325804617638,1.3031386288,,27.868550944444436,316692377575.4892,,0.1086386880187199
hbt_wcs_27c_2.50v,hbt_wcs,27.0,2.5,1,0.6,19450000000.0,45,45,32,22,0,0.2799768568571428,34.05856129523809,2.0851041648609954,3.027602811587301,0.82,0.00019073897713,0.8407400864895185,0.8148146537726936,61.942736513152134,1168.1090923868728,1394.411258230935,288.8366512045783,8.319209206846104,13.186627639326112,MSG,0.19849321786489174,0.9905665123398067,150498989984.11218,0.11479325804617638,1.3031386288,,27.868550944444436,316692377575.4892,,0.1086386880187199
hbt_wcs_27c_2.50v,hbt_wcs,27.0,2.5,1,0.6,21200000000.0,45,45,32,21,0,0.4037246742539682,34.05856129523809,1.9261410057118997,3.027602811587301,0.82,0.00019073897713,0.8937704012331587,0.8663672371195106,66.26654165632281,1068.3632895381718,1299.140044488946,288.599888371851,8.31721204682448,12.814682382935157,MSG,0.21623756734504732,0.9891203873424745,150498989984.11218,0.11479325804617638,1.3031386288,,27.868550944444436,316692377575.4892,,0.1086386880187199
hbt_wcs_27c_2.50v,hbt_wcs,27.0,2.5,1,1.0,17700000000.0,45,45,32,22,0,0.2813992279047618,36.495514830158726,2.1129165929828955,3.10269628015873,0.82,0.00019546986565,0.781973719874905,0.7577064752382879,57.21251443985649,1341.2456007567569,1516.5584658195773,287.79155601289045,8.304809341571213,13.962169228813345,MSG,0.17121332269390194,0.9923764542227818,156641602782.62997,0.19583032516268742,2.2230865414,,36.495514830158726,347871144520.585,upper,0.08501582439918784
hbt_wcs_27c_2.50v,hbt_wcs,27.0,2.5,1,1.0,19450000000.0,45,45,32,22,0,0.2813992279047618,36.495514830158726,2.1129165929828955,3.10269628015873,0.82,0.00019546986565,0.8331604080958803,0.8074476253925201,61.329031677465174,1216.8446795882826,1410.2427004082685,287.6027897141213,8.303305612853244,13.554417665464392,MSG,0.18805464383678455,0.9911339194463756,156641602782.62997,0.19583032516268742,2.2230865414,,36.495514830158726,347871144520.585,upper,0.08501582439918784
hbt_wcs_27c_2.50v,hbt_wcs,27.0,2.5,1,1.0,21200000000.0,45,45,32,21,0,0.4062793901111111,36.495514830158726,1.9534147026418256,3.10269628015873,0.82,0.00019546986565,0.8850331658410837,0.8578722662547761,65.550517004953,1113.330782313843,1315.6922654309685,287.39416900552516,8.301631526348643,13.182127982493736,MSG,0.20487706018326488,0.9897878715308733,156641602782.62997,0.19583032516268742,2.2230865414,,36.495514830158726,347871144520.585,upper,0.08501582439918784
hbt_wcs_27c_2.50v,hbt_wcs,27.0,2.5,1,1.4,17700000000.0,45,45,32,22,0,0.2828989871904761,39.37019863492063,2.143536213309044,3.183168489206348,0.82,0.00020053961482,0.7799878754618879,0.7557770463642505,57.05378518060098,1371.4230882781662,1517.7692339376279,286.4241321387101,8.28719897841583,14.194151396247989,MSG,0.16722354818881438,0.9925880195631144,161046217166.9199,0.2811033274151862,3.1911256383,,39.37019863492063,357326158169.7033,upper,0.08085223340435314
hbt_wcs_27c_2.50v,hbt_wcs,27.0,2.5,1,1.4,19450000000.0,45,45,32,22,0,0.2828989871904761,39.37019863492063,2.143536213309044,3.183168489206348,0.82,0.00020053961482,0.8304425011978654,0.804806058044113,61.10923130955296,1244.7289582453288,1413.2141393699278,286.25011938227436,8.285867582489102,13.786218438173155,MSG,0.18345500875228446,0.9913891226176417,161046217166.9199,0.2811033274151862,3.1911256383,,39.37019863492063,357326158169.7033,upper,0.08085223340435314
hbt_wcs_27c_2.50v,hbt_wcs,27.0,2.5,1,1.4,21200000000.0,45,45,32,21,0,0.4089542357142856,39.37019863492063,1.9834928952225033,3.183168489206348,0.82,0.00020053961482,0.88162710600296,0.8545607774919123,65.27177720452532,1139.1608744149837,1319.8380072255197,286.0579136190138,8.284385642067539,13.41373050890258,MSG,0.19968642249264654,0.9900896812618143,161046217166.9199,0.2811033274151862,3.1911256383,,39.37019863492063,357326158169.7033,upper,0.08085223340435314
hbt_wcs_27c_2.50v,hbt_wcs,27.0,2.5,4,0.6,17700000000.0,45,45,32,22,0,0.28017938843650786,34.55602871190475,2.091087643186559,3.0428125245238093,0.82,0.00076678875618,0.7925322326280325,0.7679654534205618,58.057680094255986,330.5738046522099,383.2555496962707,74.12069730141359,3.989494250336152,13.607155476371693,MSG,0.1789835155843469,0.9477804992689396,155617830262.65634,0.46148201870836,1.5044805711,,25.262878365873007,327737867404.65,,0.12044599512596589
hbt_wcs_27c_2.50v,hbt_wcs,27.0,2.5,4,0.6,19450000000.0,45,45,32,22,0,0.28017938843650786,34.55602871190475,2.091087643186559,3.0428125245238093,0.82,0.00076678875618,0.8446806670031505,0.8186448226259102,62.262217446530784,299.7781226050069,355.96993551790405,74.06221150944697,3.9933697592397364,13.199683126536524,MSG,0.19649259065476726,0.9394678794131917,155617830262.65634,0.46148201870836,1.5044805711,,25.262878365873007,327737867404.65,,0.12044599512596589
hbt_wcs_27c_2.50v,hbt_wcs,27.0,2.5,4,0.6,21200000000.0,45,45,32,21,0,0.40412842134920623,34.55602871190475,1.9320044318092517,3.0428125245238093,0.82,0.00076678875618,0.897456683682238,0.8699514490357805,66.56906832312123,274.19359060778544,331.7943003352509,73.9972275396243,3.997558688970094,12.827699274226685,MSG,0.21397427725524956,0.9306848430775725,155617830262.65634,0.46148201870836,1.5044805711,,25.262878365873007,327737867404.65,,0.12044599512596589
hbt_wcs_27c_2.50v,hbt_wcs,27.0,2.5,4,1.0,17700000000.0,45,45,32,22,0,0.2817431751865079,37.4843519392857,2.123996602100783,3.129993893928571,0.82,0.00078875846127,0.7864899970479284,0.7620945434886666,57.57377244514602,344.4861312893892,386.62221496583345,73.75180861739689,3.975680900285321,13.985826512355864,MSG,0.16982021048789853,0.9511397160265088,162133188407.6062,0.7902170753847381,2.5761917245,,33.94485497023808,359005380546.6868,,0.09220819758024784
hbt_wcs_27c_2.50v,hbt_wcs,27.0,2.5,4,1.0,19450000000.0,45,45,32,22,0,0.2817431751865079,37.4843519392857,2.123996602100783,3.129993893928571,0.82,0.00078875846127,0.8373670769063255,0.8115362303804187,61.66950132358956,312.57063037293005,359.77995781772614,73.70098070216628,3.9795635324820404,13.5780259577513,MSG,0.18645379769125048,0.9433601550352996,162133188407.6062,0.7902170753847381,2.5761917245,,33.94485497023808,359005380546.6868,,0.09220819758024784
hbt_wcs_27c_2.50v,hbt_wcs,27.0,2.5,4,1.0,21200000000.0,45,45,32,22,0,0.2817431751865079,37.4843519392857,2.123996602100783,3.129993893928571,0.82,0.00078875846127,0.8889420721950807,0.861672728559516,65.87067749002395,286.00227641112605,335.8529724311769,73.64449809926093,3.9837661242374036,13.205684195460085,MSG,0.20306299589309823,0.9351220567478687,162133188407.6062,0.7902170753847381,2.5761917245,,33.94485497023808,359005380546.6868,,0.09220819758024784
hbt_wcs_27c_2.50v,hbt_wcs,27.0,2.5,4,1.4,17700000000.0,45,45,32,22,0,0.28338879964285707,41.05294281746031,2.160961612649488,2.3565056566269837,0.81,0.00059383942547,0.7849999909158166,0.7606468216116478,57.454544998335535,330.94016875981316,411.6947254781051,80.06535331382595,4.189446380368777,13.196393645280875,MSG,0.1722076108200287,0.9600313296296406,134675276240.14757,0.832372303448806,2.7138048351,,37.074910724999995,369234819637.66504,,0.06356065626445238
hbt_wcs_27c_2.50v,hbt_wcs,27.0,2.5,4,1.4,19450000000.0,45,45,32,22,0,0.28338879964285707,41.05294281746031,2.160961612649488,3.224344989801587,0.82,0.00081253493743,0.8351743423099646,0.8094050229208469,61.491989685788646,319.9364593900027,360.1557030302535,73.30606005223554,3.96525710097172,13.82113444805531,MSG,0.18215446124005713,0.9450063715042069,166928260910.837,1.138964896110328,3.7131342745,,37.074910724999995,369234819637.66504,,0.08696838176409627
hbt_wcs_27c_2.50v,hbt_wcs,27.0,2.5,4,1.4,21200000000.0,45,45,32,22,0,0.28338879964285707,41.05294281746031,2.160961612649488,3.224344989801587,0.82,0.00081253493743,0.8860242022458067,0.8588357995435121,65.63166095854469,292.83322800876704,336.60166845355496,73.25463301793293,3.9695053020034003,13.448583704916464,MSG,0.19820881340158691,0.9369980625896646,166928260910.837,1.138964896110328,3.7131342745,,37.074910724999995,369234819637.66504,,0.08696838176409627
hbt_wcs_27c_2.50v,hbt_wcs,27.0,2.5,8,0.6,17700000000.0,45,45,32,22,0,0.2802919576190475,34.83912724404761,2.0944566301651077,3.0513358664682535,0.82,0.0015378732767,0.7950602853309938,0.7704218926965379,58.26034541584723,167.4184510522071,193.56924105761658,37.55637631328579,2.525472088196048,13.614398787381871,MSG,0.1775394197178498,0.812337515259498,158313849207.43698,0.925551913081124,1.6169540915,,25.453609688492058,334297209931.8653,,0.11987831603498683
hbt_wcs_27c_2.50v,hbt_wcs,27.0,2.5,8,0.6,19450000000.0,45,45,32,22,0,0.2802919576190475,34.83912724404761,2.0944566301651077,3.0513358664682535,0.82,0.0015378732767,0.8470854068456252,0.8209822315642428,62.457323208231664,151.82867915154063,179.83711922745522,37.525409105032,2.538420619466967,13.20690470889361,MSG,0.19484606678880542,0.7873146465408383,158313849207.43698,0.925551913081124,1.6169540915,,25.453609688492058,334297209931.8653,,0.11987831603498683
hbt_wcs_27c_2.50v,hbt_wcs,27.0,2.5,8,0.6,21200000000.0,45,45,32,21,0,0.4043529840277777,34.83912724404761,1.9353066145013724,3.0513358664682535,0.82,0.0015378732767,0.8997382505661025,0.8721698831506968,66.75644116462031,138.87508947668272,167.6600023299386,37.49104652640882,2.552486236870644,12.83489710435995,MSG,0.2121257875784653,0.7624702682724932,158313849207.43698,0.925551913081124,1.6169540915,,25.453609688492058,334297209931.8653,,0.11987831603498683
hbt_wcs_27c_2.50v,hbt_wcs,27.0,2.5,8,1.0,17700000000.0,45,45,32,22,0,0.28193447313492054,38.061747041666656,2.130340536754823,3.1454057926587295,0.82,0.0015852845195,0.789249651482141,0.7647759200741768,57.79470279442501,174.5431604094349,195.1744092701905,37.35690850559027,2.512726915468433,13.99900175601058,MSG,0.16868054805142407,0.8232045615442228,165025046080.53314,1.588220744336474,2.7746527943,,34.45025236904761,366461796102.09406,,0.09130283746440042
hbt_wcs_27c_2.50v,hbt_wcs,27.0,2.5,8,1.0,19450000000.0,45,45,32,22,0,0.28193447313492054,38.061747041666656,2.130340536754823,3.1454057926587295,0.82,0.0015852845195,0.8399813024829854,0.8140771414208202,61.88125169046171,158.38237438916218,181.6907733542112,37.330260122905706,2.525169163679032,13.59117229762077,MSG,0.18514378971226916,0.7991977382845676,165025046080.53314,1.588220744336474,2.7746527943,,34.45025236904761,366461796102.09406,,0.09130283746440042
hbt_wcs_27c_2.50v,hbt_wcs,27.0,2.5,8,1.0,21200000000.0,45,45,32,22,0,0.28193447313492054,38.061747041666656,2.130340536754823,3.1454057926587295,0.82,0.0015852845195,0.8914162136257067,0.8640782793790963,66.07347196960274,144.9259836203025,169.6574810083598,37.30065482622344,2.538690738170633,13.218799156304886,MSG,0.20158302553592905,0.7752443129084866,165025046080.53314,1.588220744336474,2.7746527943,,34.45025236904761,366461796102.09406,,0.09130283746440042
hbt_wcs_27c_2.50v,hbt_wcs,27.0,2.5,8,1.4,17700000000.0,45,45,32,22,0,0.2836614733928571,42.060740063492055,2.1710765555031815,2.3701116642857136,0.81,0.0011945362788,0.7867221486651508,0.7623201082422099,57.592352457881695,167.85462054759077,207.9667624558626,40.509410041590876,2.664157098875327,13.213306460604485,MSG,0.17111839000351292,0.8572778059059347,136972222050.39763,1.6743601020894208,2.9252352188,,37.9598377579365,376554364794.7978,,0.06243734969046805
hbt_wcs_27c_2.50v,hbt_wcs,27.0,2.5,8,1.4,19450000000.0,45,45,32,22,0,0.2836614733928571,42.060740063492055,2.1710765555031815,3.2478198109126977,0.82,0.0016369011847,0.8381298227358132,0.8122775809854879,61.73127001117035,162.16948363055562,181.7656731756492,37.11658067059848,2.5130520043665507,13.84071850754755,MSG,0.18109043052819432,0.8039826504452989,170036947734.945,2.294521706469272,4.0088937621,,37.9598377579365,376554364794.7978,,0.08555937018549706
hbt_wcs_27c_2.50v,hbt_wcs,27.0,2.5,8,1.4,21200000000.0,45,45,32,22,0,0.2836614733928571,42.060740063492055,2.1710765555031815,3.2478198109126977,0.82,0.0016369011847,0.888822636414306,0.8615566048576946,65.86089078778667,148.44018664751647,169.9419596828111,37.0898339498873,2.526333935889418,13.468130125032964,MSG,0.1969980188762425,0.780382606727502,170036947734.945,2.294521706469272,4.0088937621,,37.9598377579365,376554364794.7978,,0.08555937018549706
hbt_wcs_27c_2.75v,hbt_wcs,27.0,2.75,1,0.6,17700000000.0,45,45,32,22,0,0.2799768568571428,34.05856129523809,2.0851041648609954,3.027602811587301,0.82,0.00019073897713,0.7883351319655385,0.7638873356327207,57.72147332210551,1288.2013518171184,1502.1210712479328,289.0508050433647,8.321003686080761,13.594063529986492,MSG,0.1807269217836029,0.991902349502475,150498989984.11218,0.11479325804617638,1.3031386288,,27.868550944444436,316692377575.4892,,0.1086386880187199
hbt_wcs_27c_2.75v,hbt_wcs,27.0,2.75,1,0.6,19450000000.0,45,45,32,22,0,0.2799768568571428,34.05856129523809,2.0851041648609954,3.027602811587301,0.82,0.00019073897713,0.8407400864895185,0.8148146537726936,61.942736513152134,1168.1090923868728,1394.411258230935,288.8366512045783,8.319209206846104,13.186627639326112,MSG,0.19849321786489174,0.9905665123398067,150498989984.11218,0.11479325804617638,1.3031386288,,27.868550944444436,316692377575.4892,,0.1086386880187199
hbt_wcs_27c_2.75v,hbt_wcs,27.0,2.75,1,0.6,21200000000.0,45,45,32,21,0,0.4037246742539682,34.05856129523809,1.9261410057118997,3.027602811587301,0.82,0.00019073897713,0.8937704012331587,0.8663672371195106,66.26654165632281,1068.3632895381718,1299.140044488946,288.599888371851,8.31721204682448,12.814682382935157,MSG,0.21623756734504732,0.9891203873424745,150498989984.11218,0.11479325804617638,1.3031386288,,27.868550944444436,316692377575.4892,,0.1086386880187199
hbt_wcs_27c_2.75v,hbt_wcs,27.0,2.75,1,1.0,17700000000.0,45,45,32,22,0,0.2813992279047618,36.495514830158726,2.1129165929828955,3.10269628015873,0.82,0.00019546986565,0.781973719874905,0.7577064752382879,57.21251443985649,1341.2456007567569,1516.5584658195773,287.79155601289045,8.304809341571213,13.962169228813345,MSG,0.17121332269390194,0.9923764542227818,156641602782.62997,0.19583032516268742,2.2230865414,,36.495514830158726,347871144520.585,upper,0.08501582439918784
hbt_wcs_27c_2.75v,hbt_wcs,27.0,2.75,1,1.0,19450000000.0,45,45,32,22,0,0.2813992279047618,36.495514830158726,2.1129165929828955,3.10269628015873,0.82,0.00019546986565,0.8331604080958803,0.8074476253925201,61.329031677465174,1216.8446795882826,1410.2427004082685,287.6027897141213,8.303305612853244,13.554417665464392,MSG,0.18805464383678455,0.9911339194463756,156641602782.62997,0.19583032516268742,2.2230865414,,36.495514830158726,347871144520.585,upper,0.08501582439918784
hbt_wcs_27c_2.75v,hbt_wcs,27.0,2.75,1,1.0,21200000000.0,45,45,32,21,0,0.4062793901111111,36.495514830158726,1.9534147026418256,3.10269628015873,0.82,0.00019546986565,0.8850331658410837,0.8578722662547761,65.550517004953,1113.330782313843,1315.6922654309685,287.39416900552516,8.301631526348643,13.182127982493736,MSG,0.20487706018326488,0.9897878715308733,156641602782.62997,0.19583032516268742,2.2230865414,,36.495514830158726,347871144520.585,upper,0.08501582439918784
hbt_wcs_27c_2.75v,hbt_wcs,27.0,2.75,1,1.4,17700000000.0,45,45,32,22,0,0.2828989871904761,39.37019863492063,2.143536213309044,3.183168489206348,0.82,0.00020053961482,0.7799878754618879,0.7557770463642505,57.05378518060098,1371.4230882781662,1517.7692339376279,286.4241321387101,8.28719897841583,14.194151396247989,MSG,0.16722354818881438,0.9925880195631144,161046217166.9199,0.2811033274151862,3.1911256383,,39.37019863492063,357326158169.7033,upper,0.08085223340435314
hbt_wcs_27c_2.75v,hbt_wcs,27.0,2.75,1,1.4,19450000000.0,45,45,32,22,0,0.2828989871904761,39.37019863492063,2.143536213309044,3.183168489206348,0.82,0.00020053961482,0.8304425011978654,0.804806058044113,61.10923130955296,1244.7289582453288,1413.2141393699278,286.25011938227436,8.285867582489102,13.786218438173155,MSG,0.18345500875228446,0.9913891226176417,161046217166.9199,0.2811033274151862,3.1911256383,,39.37019863492063,357326158169.7033,upper,0.08085223340435314
hbt_wcs_27c_2.75v,hbt_wcs,27.0,2.75,1,1.4,21200000000.0,45,45,32,21,0,0.4089542357142856,39.37019863492063,1.9834928952225033,3.183168489206348,0.82,0.00020053961482,0.88162710600296,0.8545607774919123,65.27177720452532,1139.1608744149837,1319.8380072255197,286.0579136190138,8.284385642067539,13.41373050890258,MSG,0.19968642249264654,0.9900896812618143,161046217166.9199,0.2811033274151862,3.1911256383,,39.37019863492063,357326158169.7033,upper,0.08085223340435314
hbt_wcs_27c_2.75v,hbt_wcs,27.0,2.75,4,0.6,17700000000.0,45,45,32,22,0,0.28017938843650786,34.55602871190475,2.091087643186559,3.0428125245238093,0.82,0.00076678875618,0.7925322326280325,0.7679654534205618,58.057680094255986,330.5738046522099,383.2555496962707,74.12069730141359,3.989494250336152,13.607155476371693,MSG,0.1789835155843469,0.9477804992689396,155617830262.65634,0.46148201870836,1.5044805711,,25.262878365873007,327737867404.65,,0.12044599512596589
hbt_wcs_27c_2.75v,hbt_wcs,27.0,2.75,4,0.6,19450000000.0,45,45,32,22,0,0.28017938843650786,34.55602871190475,2.091087643186559,3.0428125245238093,0.82,0.00076678875618,0.8446806670031505,0.8186448226259102,62.262217446530784,299.7781226050069,355.96993551790405,74.06221150944697,3.9933697592397364,13.199683126536524,MSG,0.19649259065476726,0.9394678794131917,155617830262.65634,0.46148201870836,1.5044805711,,25.262878365873007,327737867404.65,,0.12044599512596589
hbt_wcs_27c_2.75v,hbt_wcs,27.0,2.75,4,0.6,21200000000.0,45,45,32,21,0,0.40412842134920623,34.55602871190475,1.9320044318092517,3.0428125245238093,0.82,0.00076678875618,0.897456683682238,0.8699514490357805,66.56906832312123,274.19359060778544,331.7943003352509,73.9972275396243,3.997558688970094,12.827699274226685,MSG,0.21397427725524956,0.9306848430775725,155617830262.65634,0.46148201870836,1.5044805711,,25.262878365873007,327737867404.65,,0.12044599512596589
hbt_wcs_27c_2.75v,hbt_wcs,27.0,2.75,4,1.0,17700000000.0,45,45,32,22,0,0.2817431751865079,37.4843519392857,2.123996602100783,3.129993893928571,0.82,0.00078875846127,0.7864899970479284,0.7620945434886666,57.57377244514602,344.4861312893892,386.62221496583345,73.75180861739689,3.975680900285321,13.985826512355864,MSG,0.16982021048789853,0.9511397160265088,162133188407.6062,0.7902170753847381,2.5761917245,,33.94485497023808,359005380546.6868,,0.09220819758024784
hbt_wcs_27c_2.75v,hbt_wcs,27.0,2.75,4,1.0,19450000000.0,45,45,32,22,0,0.2817431751865079,37.4843519392857,2.123996602100783,3.129993893928571,0.82,0.00078875846127,0.8373670769063255,0.8115362303804187,61.66950132358956,312.57063037293005,359.77995781772614,73.70098070216628,3.9795635324820404,13.5780259577513,MSG,0.18645379769125048,0.9433601550352996,162133188407.6062,0.7902170753847381,2.5761917245,,33.94485497023808,359005380546.6868,,0.09220819758024784
hbt_wcs_27c_2.75v,hbt_wcs,27.0,2.75,4,1.0,21200000000.0,45,45,32,22,0,0.2817431751865079,37.4843519392857,2.123996602100783,3.129993893928571,0.82,0.00078875846127,0.8889420721950807,0.861672728559516,65.87067749002395,286.00227641112605,335.8529724311769,73.64449809926093,3.9837661242374036,13.205684195460085,MSG,0.20306299589309823,0.9351220567478687,162133188407.6062,0.7902170753847381,2.5761917245,,33.94485497023808,359005380546.6868,,0.09220819758024784
hbt_wcs_27c_2.75v,hbt_wcs,27.0,2.75,4,1.4,17700000000.0,45,45,32,22,0,0.28338879964285707,41.05294281746031,2.160961612649488,2.3565056566269837,0.81,0.00059383942547,0.7849999909158166,0.7606468216116478,57.454544998335535,330.94016875981316,411.6947254781051,80.06535331382595,4.189446380368777,13.196393645280875,MSG,0.1722076108200287,0.9600313296296406,134675276240.14757,0.832372303448806,2.7138048351,,37.074910724999995,369234819637.66504,,0.06356065626445238
hbt_wcs_27c_2.75v,hbt_wcs,27.0,2.75,4,1.4,19450000000.0,45,45,32,22,0,0.28338879964285707,41.05294281746031,2.160961612649488,3.224344989801587,0.82,0.00081253493743,0.8351743423099646,0.8094050229208469,61.491989685788646,319.9364593900027,360.1557030302535,73.30606005223554,3.96525710097172,13.82113444805531,MSG,0.18215446124005713,0.9450063715042069,166928260910.837,1.138964896110328,3.7131342745,,37.074910724999995,369234819637.66504,,0.08696838176409627
hbt_wcs_27c_2.75v,hbt_wcs,27.0,2.75,4,1.4,21200000000.0,45,45,32,22,0,0.28338879964285707,41.05294281746031,2.160961612649488,3.224344989801587,0.82,0.00081253493743,0.8860242022458067,0.8588357995435121,65.63166095854469,292.83322800876704,336.60166845355496,73.25463301793293,3.9695053020034003,13.448583704916464,MSG,0.19820881340158691,0.9369980625896646,166928260910.837,1.138964896110328,3.7131342745,,37.074910724999995,369234819637.66504,,0.08696838176409627
hbt_wcs_27c_2.75v,hbt_wcs,27.0,2.75,8,0.6,17700000000.0,45,45,32,22,0,0.2802919576190475,34.83912724404761,2.0944566301651077,3.0513358664682535,0.82,0.0015378732767,0.7950602853309938,0.7704218926965379,58.26034541584723,167.4184510522071,193.56924105761658,37.55637631328579,2.525472088196048,13.614398787381871,MSG,0.1775394197178498,0.812337515259498,158313849207.43698,0.925551913081124,1.6169540915,,25.453609688492058,334297209931.8653,,0.11987831603498683
hbt_wcs_27c_2.75v,hbt_wcs,27.0,2.75,8,0.6,19450000000.0,45,45,32,22,0,0.2802919576190475,34.83912724404761,2.0944566301651077,3.0513358664682535,0.82,0.0015378732767,0.8470854068456252,0.8209822315642428,62.457323208231664,151.82867915154063,179.83711922745522,37.525409105032,2.538420619466967,13.20690470889361,MSG,0.19484606678880542,0.7873146465408383,158313849207.43698,0.925551913081124,1.6169540915,,25.453609688492058,334297209931.8653,,0.11987831603498683
hbt_wcs_27c_2.75v,hbt_wcs,27.0,2.75,8,0.6,21200000000.0,45,45,32,21,0,0.4043529840277777,34.83912724404761,1.9353066145013724,3.0513358664682535,0.82,0.0015378732767,0.8997382505661025,0.8721698831506968,66.75644116462031,138.87508947668272,167.6600023299386,37.49104652640882,2.552486236870644,12.83489710435995,MSG,0.2121257875784653,0.7624702682724932,158313849207.43698,0.925551913081124,1.6169540915,,25.453609688492058,334297209931.8653,,0.11987831603498683
hbt_wcs_27c_2.75v,hbt_wcs,27.0,2.75,8,1.0,17700000000.0,45,45,32,22,0,0.28193447313492054,38.061747041666656,2.130340536754823,3.1454057926587295,0.82,0.0015852845195,0.789249651482141,0.7647759200741768,57.79470279442501,174.5431604094349,195.1744092701905,37.35690850559027,2.512726915468433,13.99900175601058,MSG,0.16868054805142407,0.8232045615442228,165025046080.53314,1.588220744336474,2.7746527943,,34.45025236904761,366461796102.09406,,0.09130283746440042
hbt_wcs_27c_2.75v,hbt_wcs,27.0,2.75,8,1.0,19450000000.0,45,45,32,22,0,0.28193447313492054,38.061747041666656,2.130340536754823,3.1454057926587295,0.82,0.0015852845195,0.8399813024829854,0.8140771414208202,61.88125169046171,158.38237438916218,181.6907733542112,37.330260122905706,2.525169163679032,13.59117229762077,MSG,0.18514378971226916,0.7991977382845676,165025046080.53314,1.588220744336474,2.7746527943,,34.45025236904761,366461796102.09406,,0.09130283746440042
hbt_wcs_27c_2.75v,hbt_wcs,27.0,2.75,8,1.0,21200000000.0,45,45,32,22,0,0.28193447313492054,38.061747041666656,2.130340536754823,3.1454057926587295,0.82,0.0015852845195,0.8914162136257067,0.8640782793790963,66.07347196960274,144.9259836203025,169.6574810083598,37.30065482622344,2.538690738170633,13.218799156304886,MSG,0.20158302553592905,0.7752443129084866,165025046080.53314,1.588220744336474,2.7746527943,,34.45025236904761,366461796102.09406,,0.09130283746440042
hbt_wcs_27c_2.75v,hbt_wcs,27.0,2.75,8,1.4,17700000000.0,45,45,32,22,0,0.2836614733928571,42.060740063492055,2.1710765555031815,2.3701116642857136,0.81,0.0011945362788,0.7867221486651508,0.7623201082422099,57.592352457881695,167.85462054759077,207.9667624558626,40.509410041590876,2.664157098875327,13.213306460604485,MSG,0.17111839000351292,0.8572778059059347,136972222050.39763,1.6743601020894208,2.9252352188,,37.9598377579365,376554364794.7978,,0.06243734969046805
hbt_wcs_27c_2.75v,hbt_wcs,27.0,2.75,8,1.4,19450000000.0,45,45,32,22,0,0.2836614733928571,42.060740063492055,2.1710765555031815,3.2478198109126977,0.82,0.0016369011847,0.8381298227358132,0.8122775809854879,61.73127001117035,162.16948363055562,181.7656731756492,37.11658067059848,2.5130520043665507,13.84071850754755,MSG,0.18109043052819432,0.8039826504452989,170036947734.945,2.294521706469272,4.0088937621,,37.9598377579365,376554364794.7978,,0.08555937018549706
hbt_wcs_27c_2.75v,hbt_wcs,27.0,2.75,8,1.4,21200000000.0,45,45,32,22,0,0.2836614733928571,42.060740063492055,2.1710765555031815,3.2478198109126977,0.82,0.0016369011847,0.888822636414306,0.8615566048576946,65.86089078778667,148.44018664751647,169.9419596828111,37.0898339498873,2.526333935889418,13.468130125032964,MSG,0.1969980188762425,0.780382606727502,170036947734.945,2.294521706469272,4.0088937621,,37.9598377579365,376554364794.7978,,0.08555937018549706
